Image,Benign_Probability,Malignant_Probability,Prediction
000af35befdd9ab2e24fac80fb6508dfd1edd172.tif,0.40002,0.59998,Malignant
0066c329c4e019ffb2af34f732371c6802d25711.tif,0.434913,0.565087,Malignant
0153c8a280c34e8277103597c017bbb6a71da87b.tif,0.427102,0.572898,Malignant
01c605bf8c5b069ae053b0c66d67de1d4d7e001f.tif,0.398969,0.601031,Malignant
0200ffeb1555344b9225b7792469d42a5b094c71.tif,0.413887,0.586113,Malignant
020f05e750b1a5fd9ae61ab66547a1c1f9e18fc4.tif,0.408497,0.591503,Malignant
021422207bc47aca25f2510cd184464b5cff7a09.tif,0.416356,0.583644,Malignant
021d2287ff07a5547a574b41d32997e40d0130da.tif,0.420505,0.579495,Malignant
026a90867029b4d9aa500a0a8db303d58345a9ad.tif,0.394334,0.605666,Malignant
02e192833cbcdfd80059200f90d470d79e399496.tif,0.408669,0.591331,Malignant
03178e4a972c19bed731fad561d0f5be5ce11d5f.tif,0.427825,0.572175,Malignant
033d67c682e72ad44245c7516afdc4803e7492ac.tif,0.423098,0.576902,Malignant
03ab32e57962657c8796052500c1c0ec7a774220.tif,0.424401,0.575599,Malignant
03d74717e79e9a2c3977bc4f609406c6b1363f01.tif,0.409562,0.590438,Malignant
03def5f606aaa487cd3476faa70221162abdacdd.tif,0.401829,0.598171,Malignant
03e690d84f422b803ef7bd0d743383150c391133.tif,0.415172,0.584828,Malignant
042c878e0f7b24dc4cda50277f32883370770ff8.tif,0.436348,0.563652,Malignant
043ba444f3669f0ffe495cc0f26ffad792985d46.tif,0.415778,0.584222,Malignant
044fa776babfff8efa697a7cdbbbefe166a6eb7a.tif,0.410613,0.589387,Malignant
0534df53d72cb7d758ac2d9e4989992c87c12d2b.tif,0.42097,0.57903,Malignant
054f348d4ee51276c1503bdb61a02c780843367d.tif,0.417465,0.582535,Malignant
05552402b2fa2cf9f09c50eb3441e17a31b97b97.tif,0.41181,0.58819,Malignant
058cc1064eef4e019696f722ac0a77458a3421b2.tif,0.418142,0.581858,Malignant
058fc98ff6439f35693841f085bbbad9ba8671e5.tif,0.421834,0.578166,Malignant
068a9d66ab0e9d2a24b04d3db0ec478ba4de1165.tif,0.417821,0.582179,Malignant
069e2b73c093826d5b73e0c981faeff60d19c4ba.tif,0.408231,0.591769,Malignant
06a92cb1558d4145bd57d70941268c8fca7d5997.tif,0.415548,0.584452,Malignant
06b90b8bf185eb9164dda421977b88efed44fb82.tif,0.409595,0.590405,Malignant
06c2ded9c35ca55d406095128cf83cb7b330ef00.tif,0.424156,0.575844,Malignant
070e5cd45a4b4535842badbb2366aab42f3eef62.tif,0.411003,0.588997,Malignant
0728059ebfb12b84bee0bb6e3f767cb8f415ee5e.tif,0.4169,0.5831,Malignant
087a3a7274ff1abbe7334066383da7c991175f29.tif,0.437676,0.562324,Malignant
094851ecf62a78c362d8b77378459b8c5a983963.tif,0.416279,0.583721,Malignant
09b7480e5563df72397c4531de352bb3c9eb38ec.tif,0.418108,0.581892,Malignant
0a47d6fe9aff52683bf96447cc0c7649fa1ab98e.tif,0.413691,0.586309,Malignant
0a6a7b37afebca9f4ce0182be2a061d22d8a788c.tif,0.412164,0.587836,Malignant
0abb0ab939677011d23a24fafaff8522cd8c4252.tif,0.402476,0.597524,Malignant
0ae92e7bf60242c790d56b226f6745c05e9036b4.tif,0.418351,0.581649,Malignant
0b31156efec21e674a8ae37def3b4becef735edd.tif,0.44249,0.55751,Malignant
0bc84e817e46929c26a1c7d1bedb3318445ee6a6.tif,0.408228,0.591772,Malignant
0bd1ad80db9d62f7ce82576df1e97b1ec72afb4a.tif,0.418507,0.581493,Malignant
0c861ab0b7346b1a6139f6eafd3408ee9ba43c2a.tif,0.419017,0.580983,Malignant
0ca581b80579590aab911d4df50e129f1323ecfb.tif,0.414683,0.585317,Malignant
0cbd8e3d2259f48435fa7eb7f6fb558f7a417c6b.tif,0.414173,0.585827,Malignant
0cf167b3f39ccc5e6bd39437ee327aadffdfefca.tif,0.412228,0.587772,Malignant
0cfcad9bad2600a708ab84f8e42f05e85b365af5.tif,0.412556,0.587444,Malignant
0d084ba9e0e454adcda043f5945e04eea8de2ada.tif,0.411161,0.588839,Malignant
0d79f1f31c33d130ba0375652930a7d564a62aed.tif,0.423586,0.576414,Malignant
0da82f507f9690a9183f2a94f2e6fc08805c5631.tif,0.43596,0.56404,Malignant
0e16e9222350112b877e82b8a3094e6505a86a9e.tif,0.426186,0.573814,Malignant
0e349811980a9931c205bbe0a0bd2b91828bb86e.tif,0.436196,0.563804,Malignant
0e59dcfdaffc1753ba88fbac34a5a6947133d96a.tif,0.430813,0.569187,Malignant
0e8d37df38d129f7f6d77009f823e9466ad51a97.tif,0.414954,0.585047,Malignant
0eadb8b30c403c8ee5b6f8aec0feaa5b20915101.tif,0.451072,0.548928,Malignant
0edc1eb139218af1b389d91a8b7af7eaf64b38a9.tif,0.43414,0.56586,Malignant
0f02f2aded23845ac011ab38b98c4e111f261c04.tif,0.417448,0.582552,Malignant
0f558e19ba8c40d32cd7ab15e04febf27105b80d.tif,0.418326,0.581674,Malignant
0f5f4f22617fc086b6ac688b18b64cd49c5130b5.tif,0.416538,0.583462,Malignant
0ff1590696b9c2c2f9bf33e0b6c6e114751aa042.tif,0.415775,0.584225,Malignant
0ff832ae0cbe30b59e71ed0689406d029371dd3b.tif,0.418515,0.581485,Malignant
1090e43d8573ede89e5f222e1a9198d36d5ff9db.tif,0.444902,0.555098,Malignant
11104d9d18f4d89d91498fe0ef13d47b7fdda039.tif,0.427283,0.572717,Malignant
1154d1696e1dbd7a26aa45a8e0de7ba11ca4ae59.tif,0.398804,0.601196,Malignant
116b1e708e587a6cd359f8242c74df1698365a42.tif,0.41793,0.58207,Malignant
119c34c4f4157dfe8fe960aa0eea9cc7b1fdf830.tif,0.405299,0.594701,Malignant
123de0f7fac9781651087938354149879d98c302.tif,0.446483,0.553517,Malignant
12b6f69a2d8dcddcac243061d8e902f066a1db31.tif,0.41899,0.58101,Malignant
13cab70955bb17ba69030386ec61798a50bb21a3.tif,0.429824,0.570176,Malignant
13eaf8dc521cb0c37692b5e2f0bc23426bbf8053.tif,0.414482,0.585518,Malignant
14068ef09fd4e34e09c6dc1ec569d1954ae29c48.tif,0.407377,0.592622,Malignant
14795ed2e697b5f51b6f5d00553b09500b118de9.tif,0.406492,0.593508,Malignant
148fa0e557d3d9986b0fb4bfe11915e7962e6eae.tif,0.448239,0.551761,Malignant
1518aca9802085bafbafd610dfa6af563a395df9.tif,0.411698,0.588302,Malignant
1680b9331bf363622e67109c26030efc8eccc420.tif,0.413646,0.586354,Malignant
169f7be45b22ad10c8eabcc9739337eba0a524fb.tif,0.445263,0.554737,Malignant
16a40941e12a02dc22b44ef8dcb7a2b31eacf0be.tif,0.405937,0.594063,Malignant
16ca9519f24c64f3c51206a167c095686e59d20b.tif,0.414224,0.585776,Malignant
16f2f8b35b5a76014c2c8d618dd19bee36e8a6b4.tif,0.417465,0.582535,Malignant
171ebf0b2581939dde53e7ead1cb121a899ec928.tif,0.421962,0.578038,Malignant
1722b34db81ce80a0b958690afe886bbf7a4e0da.tif,0.425559,0.574441,Malignant
1792c044d835fb7b97294e7eeba2ce53664d2302.tif,0.406641,0.593359,Malignant
17a4639ea2bcb6d237e141bc09344ab43fe54ed2.tif,0.417224,0.582776,Malignant
17a864afc8f7147a3d604608519ba47397983786.tif,0.442333,0.557667,Malignant
182db1a666378eac6fb89ac301ca285cf0ae99f0.tif,0.421672,0.578328,Malignant
184a8213b80d5fb9b9d2a4ef002edda1c60dc069.tif,0.413865,0.586135,Malignant
18a2bb35e1a75647ebbf08e76899a79238c3b130.tif,0.396792,0.603208,Malignant
1902f75a47655add1d04d06e612475cbbe0f7812.tif,0.422273,0.577727,Malignant
192044cf1b440e7c31ec828c04363c58c42d64ac.tif,0.426394,0.573606,Malignant
1955df1aa406ad9b1391d43feaadecbadaf008b7.tif,0.421941,0.578059,Malignant
19cf1855b882db9b1abdabbe43b73b045ab3e2ca.tif,0.431416,0.568584,Malignant
1a2c35b3991b998c686bb8042a86377304808488.tif,0.433986,0.566014,Malignant
1a86ec7919ed270b0d63d803f6632a0b3645975a.tif,0.43013,0.56987,Malignant
1abdfb30fa8eca4ce9066d569a29b7967accae8d.tif,0.418067,0.581933,Malignant
1ae72bfac44abad222ee4d9b4bddb9f7e844af9d.tif,0.422229,0.577771,Malignant
1b1826d3611d3dee8a3e4f23fade831fbc929b3c.tif,0.448658,0.551341,Malignant
1b1bda499f5982679136bd7905bf032d9961141f.tif,0.420662,0.579338,Malignant
1b32d301760e8a6a3eba0814864552eabac52cb8.tif,0.416434,0.583566,Malignant
1b39227b7f144defa0dee78dc58ba5058618ff88.tif,0.419342,0.580658,Malignant
1b5a77ee9958d1cb20520458827ea41068a7f08b.tif,0.428006,0.571994,Malignant
1b63c9c8a0208a7ab441740d59b8f4408237ac04.tif,0.431004,0.568996,Malignant
1b8ef06091994419d7a5e06e4e2a2bec66ae904b.tif,0.434649,0.565351,Malignant
1ba55df0a86fbbeb16fe0f677d45f950900bb07b.tif,0.437062,0.562938,Malignant
1c13478785386f3217e3512bc49859250bd6aee7.tif,0.411413,0.588587,Malignant
1c3294e69c4b409dec275cf5e41c4f3f52437504.tif,0.398043,0.601957,Malignant
1d305e051a06718df9794fd1d5cb97258dcc942c.tif,0.398969,0.601031,Malignant
1d6c4adba843f5ef08351065d06b175ef821f273.tif,0.447708,0.552292,Malignant
1d7094024563decb3c00859c4711b732046c1f05.tif,0.429914,0.570086,Malignant
1db64552500415ad19f9faded7f2b69a47158432.tif,0.399475,0.600525,Malignant
1ddc07ec521c25c171270e402f0753b453e07460.tif,0.407158,0.592842,Malignant
1dff13fcfe1fad7b27db97d6dd51f947806f1579.tif,0.414929,0.585071,Malignant
1e4ba3e4be937c1a155238566d1353fe973d7b57.tif,0.405687,0.594313,Malignant
1eab8a3363c7d96b8d9302fadf9a30c3a3bfc74b.tif,0.407355,0.592645,Malignant
1f10e72ef4f7d23ce72166d8b6129739fe381ab4.tif,0.419049,0.580951,Malignant
1f11c1dadbfef05ed65841eeabd40b39644e17f6.tif,0.421998,0.578002,Malignant
1fdbb2275665b412df687002d427633c08b91bde.tif,0.412744,0.587256,Malignant
1ff002fc76ed4add585b5eea3580f9c0c5ca3dbd.tif,0.411784,0.588216,Malignant
201b08457f5a00773801d58543d685ce06c5d251.tif,0.401815,0.598185,Malignant
208d7b4bb89f67b8962bdf3cd02369f98f5357f9.tif,0.395401,0.604598,Malignant
20ba789e0918ffa908ac2d7f599e9771e5f28a45.tif,0.434824,0.565176,Malignant
2104b002c12a72429fe25e20078481f92e227a3c.tif,0.412158,0.587842,Malignant
211eb429bf800961a6b96e73fa1c541e8f275757.tif,0.426637,0.573363,Malignant
21d38ea99c007ac7bda6e607919da0994004badd.tif,0.414352,0.585648,Malignant
221723ad99f7ab2c9ef6738c3d52e9afc0b07efb.tif,0.422946,0.577054,Malignant
224b1e06a953d226cd412e2389b03dcda2d8ee70.tif,0.423552,0.576448,Malignant
2273a890d73558457656a5587a681dde6ed501dc.tif,0.41821,0.58179,Malignant
23015b517d3c1d1a2a31e50cd17dc2c8549bdbbe.tif,0.401869,0.598131,Malignant
239606d92dd1e51492f259896ea5bdbc82725afc.tif,0.411617,0.588383,Malignant
23b4a11bbb251b5f72090923699d4da5ee411480.tif,0.416669,0.583331,Malignant
23dd4348450ddaccbc2509eb5276ed6bb60b163d.tif,0.406709,0.593291,Malignant
23ef71cd1935a15505fb647359c1ddc688b4cdc8.tif,0.411202,0.588798,Malignant
240bdc529ebec15910506018cd10c8f1f313f4f0.tif,0.419873,0.580126,Malignant
2425056e3e01efaaa2861bf3f0ee3bbabb90a898.tif,0.405906,0.594094,Malignant
2486d67cccceec3663854f4aef51350c22042692.tif,0.418256,0.581744,Malignant
254e4a5d071249d1645e9c12c3c026d1f67de1e0.tif,0.415846,0.584154,Malignant
2633a700c22dc0ce4d81e4ba94e3b428f9231c10.tif,0.417386,0.582614,Malignant
26648bfe7aaec6f99ef25992d2ce46d5e9aa9940.tif,0.424141,0.575859,Malignant
269143f1d980cabc2331ba65d24ed3036ac3e43f.tif,0.427536,0.572464,Malignant
26f6d4e204fa337cd2dbd86ccb82e04469246769.tif,0.411479,0.588521,Malignant
274ea4ae94295f8af5413c54f8b19a51de2fd48f.tif,0.444255,0.555745,Malignant
27b2786109b83f50e54a1c116ed8ab60bbf52b2d.tif,0.427663,0.572337,Malignant
28294f75566149d2c78033328bda398cdb934dd6.tif,0.429338,0.570662,Malignant
285d25ee11fbb5373363c69b3993102dc0e4190c.tif,0.413434,0.586566,Malignant
28b8a6b5b5f28f0963cc7ca5ebe396310bc917d3.tif,0.404698,0.595302,Malignant
293d6727292c7dad2ae582673d1ef87d2261db40.tif,0.436679,0.563321,Malignant
29674726d8a81e5583f9263fb926acf36a2c21fd.tif,0.430784,0.569216,Malignant
29badac58315e7f18769488186f83617b856691b.tif,0.414643,0.585357,Malignant
2a3e4eeec59f547bf44391c9adc9a8a5f2fcfe02.tif,0.397329,0.602671,Malignant
2a3fb7aec88b8b7f3c303a0c6d154406c4eaf02d.tif,0.417716,0.582284,Malignant
2adae1de86bcaa43d884121a71bc86b0472a7f12.tif,0.409151,0.590849,Malignant
2b06cbeae796573cb92ce46ccdba301100e37a44.tif,0.41494,0.58506,Malignant
2b204a35696224e1e4885967f80e4807ec470c36.tif,0.407218,0.592782,Malignant
2b7045851111b9c8ff33e56a08afb82ff8326087.tif,0.422264,0.577736,Malignant
2b81c3795ddf58a6a3a659a7456739bde494caba.tif,0.414212,0.585788,Malignant
2c54fdc1c263c0f0b980c029da6d00ffbdf98947.tif,0.421327,0.578673,Malignant
2c5b6f068f69b6c668673ccb3d9f00760ff1d9a2.tif,0.416684,0.583316,Malignant
2c903d9d8fd98089e7c94bf4e0d0c1cdb640490b.tif,0.426364,0.573636,Malignant
2cd24f73b80ac23a45d585db7014cbc9c08387cd.tif,0.422877,0.577123,Malignant
2ce167a174a6786ce0259159c55e75b98f3d1672.tif,0.418753,0.581247,Malignant
2cf0f1a6a0b72c9f7e432030b77b9927631cef56.tif,0.410609,0.589391,Malignant
2d084269f106ce9802410bca31f713976463523f.tif,0.434975,0.565025,Malignant
2d89bc58a17f5985c4061c3f174e98714a5679fa.tif,0.403051,0.596949,Malignant
2ee265917f45bd920a7f360a98d367efd93eccfc.tif,0.42454,0.57546,Malignant
2ee619a359988ada5bbe6884359d5429c38c6949.tif,0.434494,0.565506,Malignant
2f1dfe143e90ae695c4e5536b5c18be929d30804.tif,0.419053,0.580947,Malignant
2f944219a65fa7a7210ced8977ae67075dc5ee1b.tif,0.437247,0.562753,Malignant
2fa52f5998200c276e30143247579d4f28776dbb.tif,0.40704,0.59296,Malignant
2fa5d6e125869d7ab4aa5bf4912e39a874ddee11.tif,0.411627,0.588373,Malignant
2fc16fac2ecfb2c8d2489de84f4041170ea77065.tif,0.400597,0.599403,Malignant
3020c2203ad78b1910a32b43493c8f32af28282a.tif,0.419275,0.580725,Malignant
30431d612d85bd9b0b2518eb2a1decb001527095.tif,0.415073,0.584927,Malignant
30b0a1463f1b794e0d338405671c14077e37d72f.tif,0.417224,0.582776,Malignant
30c724d1e15116a218002533e65f53802bba917f.tif,0.39888,0.60112,Malignant
30cab9e90df292603a60f5bd59f2cde86bab172e.tif,0.414202,0.585798,Malignant
31234755b94e3e4ac916b8ce2242b5719c8ba403.tif,0.415339,0.584661,Malignant
317edf0f8ca58b3db10837ee8756eab2362c1d67.tif,0.427468,0.572532,Malignant
31862fe6c11c03a2eff0e1e56305bcbab3fffea6.tif,0.430202,0.569798,Malignant
319bffb5e9476414bfa8550a8b8ddf9cf1dc853a.tif,0.444502,0.555498,Malignant
31ca038d8eaef2c8b16ef0ddad555076f37cad85.tif,0.415241,0.584759,Malignant
31f2cc5f76f0e60a5770e1c9def0784e68a3839b.tif,0.412841,0.587159,Malignant
33ba31edc476b1bcaa4923d78598666018f4be22.tif,0.412189,0.587811,Malignant
34455d023780eb134972c8799dc0bbab40c1df7b.tif,0.42462,0.57538,Malignant
346bc5b2d383d70dfccb8fe9102c7f55687f5f52.tif,0.417903,0.582097,Malignant
34e28f05329f9721bce51ce10d9ebc1d9f0a5e5a.tif,0.413293,0.586707,Malignant
34fbd06df783a973c543a9740ccac9b511d68d21.tif,0.410307,0.589693,Malignant
3500651debd88a9de5b505df0c4173b18e004022.tif,0.407393,0.592607,Malignant
3508e9438db8c2bab9e8ad337e6130c5a0cec956.tif,0.42342,0.57658,Malignant
351a3443fe5b103974209cf4993ae1ee185be576.tif,0.418892,0.581108,Malignant
351daa75d1974d83dbf66c8913417fb7148f1094.tif,0.415182,0.584818,Malignant
3578144ab1523acaab561b77d536a770e59a888c.tif,0.422196,0.577804,Malignant
35eceb5861354cb7b2527b813ec3553a8749c724.tif,0.445371,0.554629,Malignant
360fe0c1bad0a44a2a5ab976c2832c0a615fb90c.tif,0.407338,0.592662,Malignant
3623c89f2b5a67beadb5280c1d2efb27f28fa233.tif,0.41519,0.58481,Malignant
36462aa4bb36140d96a252bd2ea6692ba9b2831e.tif,0.421911,0.578089,Malignant
364904aff5735c123317346656e1b5e9a365fde1.tif,0.416967,0.583033,Malignant
36f45e55bbc2bf9b7434ae2d877f3cdd4bb9e537.tif,0.416468,0.583532,Malignant
36f64448a7eb1310b48c5d26e6b28c411a1936fc.tif,0.431834,0.568166,Malignant
3710f1062ec848da904442e2c2a7e4102643ce16.tif,0.422639,0.577361,Malignant
37a3a7d33e814853fda588da04c9ac657f661984.tif,0.426774,0.573226,Malignant
37adf1da9d0b1722dfae3bef920c1c32cd322deb.tif,0.420113,0.579887,Malignant
37f7e0a1de34ac50aad0fdae8b51d74738e700d5.tif,0.402135,0.597865,Malignant
380427a601058f65587cd338939996d236b83eed.tif,0.40359,0.59641,Malignant
38277151862870436fcb4c0b592327c291d411b0.tif,0.413388,0.586612,Malignant
384e944f64abb9843471079808e2485b3382c3a1.tif,0.421435,0.578565,Malignant
3867839f04960e2c4b3038bf30b7e09ae1bf92e9.tif,0.404443,0.595557,Malignant
388a52c26e60a852df201ef31a8cde3a944de095.tif,0.425843,0.574157,Malignant
38966b2f68e972c21c4c4c2fe06bba8126b60b0f.tif,0.415169,0.584831,Malignant
38df0613cd0e0937346429eb68397938615c2095.tif,0.428981,0.571019,Malignant
38ecbde4b9e2c158e5937400faa36a74126a2779.tif,0.403046,0.596954,Malignant
39572f5868eef0d1057ad52d89fdd61b272dec74.tif,0.41287,0.58713,Malignant
399e132f63c613e0c0cf9a8ddcf64fa42c0c6071.tif,0.400791,0.599209,Malignant
39dcb430620431e73b4ad3796bd33b291e24fcc5.tif,0.412883,0.587117,Malignant
39de11f2263722d517543337bd75e7c57ce24cdf.tif,0.427951,0.572049,Malignant
3a1b1d0b0a99d80be8918a366372d2b5adedb0c3.tif,0.398371,0.601629,Malignant
3a8ad4b821561ca94f9d1f8c6a6edaf5bb4dac7c.tif,0.410472,0.589528,Malignant
3a8e96ec16b1a38d79155398044bb67a745ba6e4.tif,0.420407,0.579593,Malignant
3aeeebb4b939944d74f9a7d135019a949dbcacda.tif,0.401847,0.598153,Malignant
3b0418f11283d1f8bdf1080a091c05b8d733c8bb.tif,0.429366,0.570634,Malignant
3b35fae2f2de696c60617b56ad6d69cceb885ca9.tif,0.431319,0.568681,Malignant
3b60e7a9f4b5ee7c8e73acbd9c8dee64200cd766.tif,0.425793,0.574207,Malignant
3c977c29351e9732997d1440f85c0dd32e534ae0.tif,0.4405,0.5595,Malignant
3cb2e70658f14bafe064eacd6ca4cfb01e63d610.tif,0.421116,0.578884,Malignant
3d7858c3c12be5ff12ac16f54d3336ca19f6d87b.tif,0.4173,0.5827,Malignant
3d891231f2b573514906f97396891978c2b73dd5.tif,0.422189,0.577811,Malignant
3dd313b6c74a587c232496851d9563f90659e221.tif,0.417183,0.582817,Malignant
3e165ba3b5594600ef2645f20bee794e0aa968ad.tif,0.412204,0.587796,Malignant
3f0a776fadd01dce3ba22303e29817342462cb5f.tif,0.418898,0.581102,Malignant
3f19b0f723233c26b24b8a2a0161964db32f44a2.tif,0.418242,0.581758,Malignant
3f961590feeda91113bc52fb73c8eb134f07a032.tif,0.427359,0.572641,Malignant
3fa579965b25afde6211a35140ca0f954af6e7be.tif,0.424408,0.575592,Malignant
400a2aafe0e25754e90976e26797fe1f33eac134.tif,0.400738,0.599262,Malignant
40313eedc7e1ca202fc6405027d94385fe20fe43.tif,0.428053,0.571947,Malignant
403cb502b5fb60e364d99598326d9a6ea92a2334.tif,0.451592,0.548408,Malignant
409afb61059adec74ccb7975704c7d9b92b20cf0.tif,0.406045,0.593955,Malignant
40a1713f28a9b16650a0ade4727263aefc385568.tif,0.394435,0.605565,Malignant
40c0df390b13af968ffe2bb0e64111beedeaa1a3.tif,0.452391,0.547609,Malignant
41166bf4de6210b3e4a00f5e64836f654ce2c69f.tif,0.416368,0.583632,Malignant
4125c9a165571a6d21f9da0e31c94570048fef30.tif,0.420064,0.579936,Malignant
412e5de9f663e50b709b825149f967b1e3ed90cc.tif,0.431824,0.568176,Malignant
4136ddfeae5ea1c9a51dbf823c4f90bd0181acc7.tif,0.423738,0.576262,Malignant
41dbd4f566969b40e5edf7baa105448461d0de47.tif,0.43554,0.56446,Malignant
41de314293d62c83c5a874fdaad8b1c3349af1a1.tif,0.413914,0.586086,Malignant
421ee76669b5c8f0fff5be7c1bf4ad0c4d532f73.tif,0.414599,0.585401,Malignant
422c079c41a37ee12f18c3ef5afa993d711895ff.tif,0.452614,0.547386,Malignant
42321f92b8e46ce79291137f8606561d107f06bd.tif,0.40858,0.59142,Malignant
424131aae56f1acbb7a99931977f5a54e61ea634.tif,0.444209,0.555791,Malignant
433d3356e0581b1208f1f7f1f57a08fbc3bd012a.tif,0.402633,0.597367,Malignant
4347b7e2797fdb5a3a4640801c648113fc29f7f8.tif,0.422674,0.577326,Malignant
4369ff82cd742ba4f18388d9a4ea5d9d09bce93c.tif,0.418431,0.581569,Malignant
4386b8fa0cffbcb6aa1fd0bfc2297a329c7a1fb3.tif,0.407046,0.592954,Malignant
43b6acadb31161c9281460efa3fad0b992a92837.tif,0.446238,0.553762,Malignant
43f48441942f9872db2407315286c7e2d086e715.tif,0.418723,0.581277,Malignant
44133ca5b1d087e61d9e77711ac6c462aa923574.tif,0.424523,0.575477,Malignant
4439f1773ce0b2dd8b4c0ddba94d53ade75d6084.tif,0.405096,0.594904,Malignant
44992243ff59c457c4ef040c0afee78a07dcbcb4.tif,0.410676,0.589324,Malignant
4546848a12fb86ef4d6eee8ebd70b9509f302d52.tif,0.445015,0.554985,Malignant
458aa61913a1b81dde43398cdd93fed2eed3e054.tif,0.430732,0.569268,Malignant
458c5aa1fc217c08be8d3dbd7336b5c6b1c5b2dc.tif,0.438543,0.561457,Malignant
46bb598f2aefd97556165d7da59951a19450668d.tif,0.444985,0.555015,Malignant
46d696a56d58caab2a0759aa8663d70ecd08d2ee.tif,0.423102,0.576898,Malignant
4714d7550b4eeb38f1ba4c79a465175b43833efb.tif,0.422386,0.577614,Malignant
4730c1964e4a76b9bf8171cf9e373ef064953772.tif,0.40664,0.59336,Malignant
4750459fb15df6bd41cef98014939538f53b6ece.tif,0.411073,0.588927,Malignant
47f7f480aaa0d2dad2f6a35d9e7b900713f9cebc.tif,0.419853,0.580147,Malignant
48754e8f1ea6e01badd043b50212d2be714c86d4.tif,0.405099,0.594901,Malignant
4934b7e55bd3c92d763c8d493e742a65fb4f2dcf.tif,0.421549,0.578451,Malignant
493c830532c64c7ff782d5aa9fdd1395ae613d68.tif,0.401989,0.598011,Malignant
4951b649cc4af5db8742ae3d46ba127fd0b29574.tif,0.437114,0.562886,Malignant
4968a566ddcd42a467c95939b75d3b2f45e93e45.tif,0.413625,0.586375,Malignant
4990c09a1a1be377c059ec79c17757857de91bb8.tif,0.421851,0.578149,Malignant
499505696e8b635fd7a7427e4f76a8eb5548b03b.tif,0.411279,0.588721,Malignant
499f1e3714c17b7ae8d43a05a8a14681dba3b05d.tif,0.412705,0.587295,Malignant
49a9a4edfcbbbecf69f8a037ee1c0c7d081569de.tif,0.435451,0.56455,Malignant
49dde3a0e7a47c238fa3090fdb9337f8d60180bf.tif,0.415301,0.584699,Malignant
4a463469cf2773e2d374af4183bb51a5746f420f.tif,0.407938,0.592062,Malignant
4a5702e0c9d39b9da039884ffe17bcfb38d3a584.tif,0.399884,0.600116,Malignant
4aa1679fcf5ff41e6dd108cabdd1583b654c7bdc.tif,0.39744,0.60256,Malignant
4acb4eb9bdf2f906550d2a8e4fd9993c80f35ed0.tif,0.422216,0.577784,Malignant
4b16c35f19dea268523207843a98f94f3e3a33f4.tif,0.406227,0.593773,Malignant
4b70256312501f4c76572cdd300fc88fda008f3b.tif,0.418367,0.581633,Malignant
4becc2d6033d7ccec0c0b3a0e9df00b444035d35.tif,0.394808,0.605192,Malignant
4c742e40b39d5029cabad1772bc892112eabfad9.tif,0.421449,0.578551,Malignant
4ce086ca625e5413ece85b45608417d4c69179e3.tif,0.41335,0.58665,Malignant
4d408068b74a3f2edd102cb1851481c10eabeb30.tif,0.416222,0.583778,Malignant
4db6523aec3fda70bd448f259cb9519f329104a6.tif,0.401784,0.598216,Malignant
4de4214fe8cd0859a3b06c005850936a9514013f.tif,0.433409,0.566591,Malignant
4eeb359613e484069bb9beadc6506271211fec63.tif,0.429528,0.570472,Malignant
4f902904b2eabd76ff3f978e08bba20639d9eb67.tif,0.434913,0.565087,Malignant
4f95e44bffa6f5d52db8f79153809d882bff8335.tif,0.411389,0.588611,Malignant
4fc9015cbff58a6f8b0a60517b5cf39101a26fe0.tif,0.409831,0.590169,Malignant
4ff00bbeffbd8d8e89416f6ce2a7cbab7dd384d5.tif,0.418618,0.581382,Malignant
5041b987dfd8152b20da85dd797d2adc6d9e1808.tif,0.430167,0.569833,Malignant
50a6c9a5aa89508c5b92fc5f505b00642f114edc.tif,0.427984,0.572016,Malignant
515350cf2ef89b9bcac15cd1e6c5e845171d6ac7.tif,0.400562,0.599438,Malignant
51a3ec619f2bdc04d19881d4592c74075b013ade.tif,0.407859,0.592141,Malignant
51eff9b264ec14a7bacdbe1a21a00dcf341e299d.tif,0.423947,0.576053,Malignant
51f2fbf6e3e7bf2529b86638d468a04cd1facc25.tif,0.408862,0.591138,Malignant
520434550a839d6a3d7a5fd024d985a9dd679523.tif,0.479493,0.520507,Malignant
526202140870b9b9c35088bd06ee181194abf9d0.tif,0.419795,0.580205,Malignant
526c77f0a4dd16ef4973556d37653007abdbd205.tif,0.435037,0.564963,Malignant
527e414659dffc263dafc578192000ed9996c528.tif,0.434558,0.565442,Malignant
529e8521f15331e5dd48abbe6db027351300c5ab.tif,0.406025,0.593975,Malignant
52dbe3b6fd3af6deb516e53bea87e98f8bd741d2.tif,0.398617,0.601383,Malignant
52e9deae65aa49522b9a3d391e0b25dc8b9b2944.tif,0.431345,0.568655,Malignant
530bb3f36ab6a2bfd6b41e83e08ce486aec06465.tif,0.412919,0.587081,Malignant
5379939752bd68261b87bfd43500c2402d3a54d2.tif,0.4251,0.5749,Malignant
5380f9b0f86100ffec650bc5cbf1605154f9bfc4.tif,0.415673,0.584327,Malignant
53e018969ad17958a08556b1e827b2d32b337cc9.tif,0.41353,0.58647,Malignant
5430b8bc901ce2b63213a3b6347ad7595f6172a9.tif,0.412532,0.587468,Malignant
547b2b899a86783429851c92e591cc9ea9c59900.tif,0.43204,0.56796,Malignant
548b8701abda7b4d2b13b9b72b0bbe219d07ff35.tif,0.440406,0.559594,Malignant
54bfdb0f1ce2d760112f795afe845fdad7496ce4.tif,0.428322,0.571678,Malignant
54ce85801be97bf55fad99ddd29bbb0cdc3acd9c.tif,0.418747,0.581253,Malignant
5512638cef40b39e16962bba414bf94afa3f4208.tif,0.426757,0.573243,Malignant
55626fb192c1a8edcb011b2f701a908ed29a05dd.tif,0.40673,0.59327,Malignant
5571668bed7d38fecc8185212a34a16d3ac806cf.tif,0.407553,0.592447,Malignant
55ede28d4693bf9703ff7e68a01ff9a445b9da75.tif,0.425294,0.574706,Malignant
561051b155dd2021f1d80b8decd040bde6064b1d.tif,0.431328,0.568672,Malignant
5657d87ef42306bdbcab4607d6e682d494d8ac7e.tif,0.415368,0.584632,Malignant
567ac57ebacd9eeada97a9248095efe58d07b510.tif,0.408994,0.591006,Malignant
568647293e4a5d2ccff89ade9139403728613ea8.tif,0.428435,0.571565,Malignant
568b762922f6714474210530fb2b41fa1e87c625.tif,0.436923,0.563077,Malignant
56aa0d8782cc43d98a2038a9c395d70f3d2abe21.tif,0.420684,0.579316,Malignant
56adb3eef9cc0d33058da441c3332e39d28a4794.tif,0.40778,0.59222,Malignant
56d3d5cc5caa55bd0587d0813c714913dac5d281.tif,0.405887,0.594113,Malignant
578755b689567b210cb9a33600af6a39d70e7bed.tif,0.42243,0.57757,Malignant
579f55504d56b64075886b25f22109989cfe1e45.tif,0.429425,0.570575,Malignant
57e109678f5a453e69ffdade65719845586c2edb.tif,0.414805,0.585195,Malignant
57f3cfe7bb00f07d329b30323b6e1793b520f185.tif,0.410239,0.589761,Malignant
59f481ebc4dea5c893c4d5a815c810c7cf05a0a3.tif,0.413618,0.586382,Malignant
5a1a6a7f98526f7479f794d9c7855d57703c516f.tif,0.408785,0.591215,Malignant
5a79e734d2bbe9b33ca5426ec37bfebffac85fd1.tif,0.400677,0.599324,Malignant
5aba8f13cea34bdf25a407f5e99187b92c2a8b73.tif,0.405066,0.594934,Malignant
5ad6ef8d3f2c71882fd469bf4b2edcc969ccfdb0.tif,0.405345,0.594655,Malignant
5ada043192ee22db3636685fccbc580be23ea759.tif,0.430507,0.569493,Malignant
5b263ace773a8b5b5d12f901944e45e7dcc3289b.tif,0.421368,0.578632,Malignant
5c52179406f0a1f6e245a4c8d835cd88f0a466a5.tif,0.431969,0.568031,Malignant
5c55514b050e3e34905ee8695b596cae697ab95f.tif,0.448829,0.551171,Malignant
5d0f048f47396a8bf2522f22d440d09ce190d516.tif,0.401597,0.598403,Malignant
5d72dbd2dedc22db117df17cba2263219181bc6c.tif,0.404691,0.595309,Malignant
5d8057b040dd6bb6e86ab2031b443156a3e19dd7.tif,0.413354,0.586646,Malignant
5d88a84b1001fe008645303028466d8330047c27.tif,0.41291,0.58709,Malignant
5e40bc0f11ea0a89ab14f154655b6c9004ba00a5.tif,0.415518,0.584482,Malignant
5e789dec51d65256bfe29e800891943bfaffc431.tif,0.403134,0.596866,Malignant
5edbe1c32423c513994603e37dc32fa6cfe1c270.tif,0.429519,0.570481,Malignant
5f283c5e4c52d34ed26a02ad989319acf22c59b5.tif,0.435619,0.564381,Malignant
5f284cb4506e9d39849025da49cbc0df647ac9fd.tif,0.438201,0.561799,Malignant
5fb6d3d0696be0172499ad68450779bf311e84d2.tif,0.429946,0.570054,Malignant
5ff07755c919bfe347b9fa89cfb47bee371cac79.tif,0.411447,0.588553,Malignant
602c7aa6dc60574062cf86f1a06253e0e686a5c4.tif,0.416597,0.583403,Malignant
6091da2499a8f5488660ea454ebfb7db51d0dd03.tif,0.417582,0.582418,Malignant
60a15aaebd27665f9631418f035715dc55eb6a5b.tif,0.432677,0.567323,Malignant
60a6291515bbbdb64196f9aa70c60593c176286e.tif,0.428317,0.571683,Malignant
60b0707415e72827716a9b8ee2138e21c91b66f1.tif,0.421096,0.578904,Malignant
6133f8cfcb47285894f192cad6928b960198a155.tif,0.412992,0.587008,Malignant
6140b43451d8505c8fbfe6308e4d15c9c79ba4bb.tif,0.406934,0.593066,Malignant
61728dd5517b45787b8e580782987357c5300aae.tif,0.406349,0.593651,Malignant
61961d9a9682351e4cbedd0667136f6798562ae4.tif,0.420424,0.579576,Malignant
61cc01fc09d34b51d4730e0cff29ddabb60272c0.tif,0.426768,0.573232,Malignant
6230dd612829678b821113e9f888dd2f69219bd4.tif,0.403475,0.596525,Malignant
6253842003dc3b8ef583a506530994dd997052bf.tif,0.399919,0.600081,Malignant
62ec49311030372eaa31a7f3c3095920e70ecadc.tif,0.416716,0.583284,Malignant
63067e7e22eacb8ca818408940ff61ffc0e77b03.tif,0.426237,0.573763,Malignant
633504daef86b64f4a97e7d176b25a6857dd644f.tif,0.428743,0.571257,Malignant
6350240f8b20054b03756794b6735c048bbc7c0a.tif,0.492204,0.507796,Malignant
637a907eff3c5e8a0b2164b03dd95f588ab56a09.tif,0.420839,0.579161,Malignant
637d06479a0a9655850956e9c5f132afef97754d.tif,0.458855,0.541145,Malignant
63b9748d333597114141263f75fe426a29f9155e.tif,0.425749,0.574251,Malignant
63d573fc492e4c316b4dac6c38bc8d056b50dfe4.tif,0.422342,0.577658,Malignant
63f90f2607a3553a30f6b6fdf3b953e71e3d7ae7.tif,0.405378,0.594622,Malignant
64754d0c8b28db412513572a2c1e371345a5dca2.tif,0.418021,0.581979,Malignant
64844dc3c480f880f7b155728652aa780b7a3375.tif,0.43088,0.56912,Malignant
64a032a80c861c35eced11be33a2b212e142514e.tif,0.435828,0.564172,Malignant
64cfb56ddf41e2a871ac5164d61e50b238b9ed1b.tif,0.438586,0.561414,Malignant
64f53bf37a029c92c1a8013ce321453495ea12a2.tif,0.417767,0.582233,Malignant
65267fd33350b9f1810c2fafaafbdbc9fc7be8d0.tif,0.411849,0.588151,Malignant
65693c15c4b2457868a499d1c38cd460bf35c61e.tif,0.426651,0.573349,Malignant
65b031b428d2a1ec2268d3b04c143be6b9e07079.tif,0.427312,0.572688,Malignant
662d7baf56cd9e6848c11429ccb48c6279033a9a.tif,0.419627,0.580373,Malignant
6634dd2d3cfa1744dafab00f4fda3a12ed79daec.tif,0.420557,0.579443,Malignant
666f89f8e8638d92a8ca14c4c7be209081f560b4.tif,0.40598,0.59402,Malignant
66b8ae94c16dc827c8af09153ce2f881ef438ddc.tif,0.427367,0.572633,Malignant
66f0b37c2469817f3212fef4490ce8048d1ab70b.tif,0.426913,0.573087,Malignant
66fa89e5f111a9b27e4be39dd80f625198438fec.tif,0.424194,0.575806,Malignant
67f494037200a066f8753ad7eca105cb16d32681.tif,0.414175,0.585825,Malignant
67faf97efdaccefda0ecfa764b8a671cca594979.tif,0.422066,0.577934,Malignant
6942994477c5895049b91d205d8027734f4378fb.tif,0.416288,0.583712,Malignant
69d507b66cc3a6008af2517f588f65e25bb5895d.tif,0.411535,0.588465,Malignant
6a0b11d0ccf1d4c3110a22a52eaa570762eb07aa.tif,0.402658,0.597342,Malignant
6a16ee546f5e648051d15bc47c948ce1e6e4130d.tif,0.425908,0.574092,Malignant
6b2afdfd3c4c281ee64cef9cd84c083cca97cf4a.tif,0.409913,0.590087,Malignant
6b62918ec10dad46dead036b083b563e98d0e1fe.tif,0.401907,0.598093,Malignant
6b87c438043ed228c8cebfde259ccea9e34a0840.tif,0.426264,0.573736,Malignant
6ca5bb0a12738d2a9c51cf132622c1796749cb00.tif,0.42995,0.57005,Malignant
6caa471f5f167ab21d7cf159e356ffa66efc2a70.tif,0.424839,0.575161,Malignant
6ce096188696971a2b4ea6e13eb0a8e20d483c64.tif,0.410521,0.589479,Malignant
6cf5737419f1039908d5a573cf3a968e51721e27.tif,0.414328,0.585672,Malignant
6d14d32b306e2116bf15bc5878a9ad620a065941.tif,0.408378,0.591622,Malignant
6d93ae327ec2054c886a3fe7c0d41f7cf2d54fc1.tif,0.432116,0.567884,Malignant
6e5c44d899cf76a6a229fa65707ce07950ef2cda.tif,0.411574,0.588426,Malignant
6f73eceff7b1f8bd3f808c069e58ce636ba67ffc.tif,0.414415,0.585585,Malignant
6f8bdcf1e80b7299cfafae1bfdb84299252c6f9d.tif,0.426432,0.573568,Malignant
7003e9389d2857ac9d6a0ae2623dcc5730d67b73.tif,0.445412,0.554588,Malignant
70222d6f4abc7543ee15b52c2571d084a7fec139.tif,0.405781,0.594219,Malignant
704222ed7f84d837384e8e54ddc15f5c356b855c.tif,0.416402,0.583598,Malignant
709c7a059305af4d6d7731e080133f65a8d477bb.tif,0.421321,0.578679,Malignant
70fec4342c6999b8d69ea8dae8c6cd9ac85c1a55.tif,0.436554,0.563446,Malignant
7157705c637092877292e9a4d21e4d67fe138500.tif,0.42879,0.57121,Malignant
718ffb3c7c3c7347ec7dc6aec50a555620effdf9.tif,0.429184,0.570816,Malignant
72c4bd5afb3a0639723cecf86cc5be5a69a21ccc.tif,0.411154,0.588846,Malignant
72efd6017e79a500e5fc7f03547d0dbf3225ba34.tif,0.42002,0.57998,Malignant
7334d3ac28b82b1a07ceccd6059e18676c22251a.tif,0.430966,0.569034,Malignant
7357f568758f8d3324efcfe2ab9c2958f61b5e59.tif,0.41406,0.58594,Malignant
738c13d94729df654752d873ca6a1c92305f52bc.tif,0.422627,0.577373,Malignant
73ab437e0d615dd1adfc777715a1d5a1c3bde0fa.tif,0.416791,0.583209,Malignant
7408c47303cd8ebc7d628f98f375b0fada51e8af.tif,0.436054,0.563946,Malignant
743017fd851708cd830fd3f727d10dd21bbe7815.tif,0.411517,0.588483,Malignant
74322ee1c07db3353e6df7c6f841b9ea75bb5c9e.tif,0.414819,0.585181,Malignant
743fb83587358b07f9ce208a71d129194c701c88.tif,0.417708,0.582292,Malignant
74405e27a28de7c49b7cee46f4a58399c22e4734.tif,0.399123,0.600877,Malignant
7459887ed195e43bb0192ca3032d20750d549d79.tif,0.408795,0.591205,Malignant
7478b07c45cad0b17ba6d4a5ec84cd139afa53af.tif,0.406666,0.593334,Malignant
747a944d4094a865f8e6f695e48abea7f8fe4a9b.tif,0.413161,0.586839,Malignant
74bbd17e6a214df44e41787d1d53fbfc73a9587f.tif,0.418246,0.581754,Malignant
751c20f83bd3c902bbcbc413b533ee719d1b4a95.tif,0.421755,0.578245,Malignant
7531a191398c975897003cf84a5f0d73a34d36b2.tif,0.414437,0.585563,Malignant
7541ccb120271b668f0aaa0f1df55e61b57d29be.tif,0.401833,0.598167,Malignant
75f0af50658ea2566916ad5b9f2a1cafe50dee76.tif,0.401119,0.598881,Malignant
764528409b40934f79f98667ccd5878449034637.tif,0.403354,0.596646,Malignant
768279a32ec0f99ceda37bb22d1977754886e713.tif,0.405713,0.594287,Malignant
7694b9af286009aff3fa22b9a4c35530d0f172c9.tif,0.418991,0.581009,Malignant
76cd1e1725edb67398b8b19ddf3b288f84ba0a55.tif,0.449845,0.550155,Malignant
773867184ca567fddcaf61cc365b529bf848ec9f.tif,0.41029,0.589709,Malignant
778a30536f030129d00e367731437974a94c2c57.tif,0.41551,0.58449,Malignant
7815d8817d6c1815190f6ffcbb2682226cb83656.tif,0.419027,0.580973,Malignant
7886a77297b1df2c20d1701c7cb93652d5adf220.tif,0.42728,0.57272,Malignant
7887b7778705069d22c937fa288218346a5c847d.tif,0.432334,0.567666,Malignant
78ac50ca8ac6517a5ac7afa2224ef1509cb2932b.tif,0.427753,0.572247,Malignant
78caa62081056a28f7442522a7c59ba04d8abba5.tif,0.43248,0.56752,Malignant
78e876af7c32a5c0476ca01594e125872ba7e84b.tif,0.432001,0.567999,Malignant
78ff8390abc666614186aaa36791af27267800f7.tif,0.417918,0.582082,Malignant
7984646cdaca0d7977310d20f9bed6151881be9d.tif,0.398615,0.601385,Malignant
798ef7aede7315ecc13342ee3c858c046301f68d.tif,0.404315,0.595685,Malignant
79a1f0abbfc6d078f51ad22a357fc940bc5454b9.tif,0.419373,0.580627,Malignant
79a60a47a70f03392a886b43389afcab0bd22501.tif,0.419817,0.580182,Malignant
79cda52efa6837aaeadee1a849cffb712c4c2b21.tif,0.418362,0.581638,Malignant
7a32823b2759dd07486ec9f44d8eeeb1105de4f1.tif,0.417851,0.582149,Malignant
7a904a52eea16bd68cc8e93a4f501b2da7562a3f.tif,0.424442,0.575558,Malignant
7a93afed47af842deb537c7f353766ee33bd257c.tif,0.408326,0.591674,Malignant
7b35f12926c9b89b904678519449e98ee2628a14.tif,0.405558,0.594442,Malignant
7b6c997c4447b0c530721b5230b02c33ec2e4384.tif,0.423463,0.576536,Malignant
7b7c2db601c2c3df1aeedde22295579df63e2e8d.tif,0.435415,0.564585,Malignant
7be9cb0231451f84ca9aa4e2be832392affd8fbd.tif,0.408815,0.591185,Malignant
7bf798b1135205d45d628cf10d8229f2b24f0939.tif,0.426796,0.573204,Malignant
7c996d7cea7cc9202c4d0e0db1b37fa9ff99d24a.tif,0.412625,0.587375,Malignant
7ca6f0a29320961536603f9e4c17570eb14dc7ee.tif,0.442227,0.557773,Malignant
7cf6860269d490430be35f7ba3aad9de486afc6d.tif,0.410962,0.589038,Malignant
7d09d8a679472fc73c808bf872820198f4555254.tif,0.418303,0.581697,Malignant
7d324f4345c2ace02b0d884251210cdaae5043b7.tif,0.452912,0.547088,Malignant
7d3d817a4bca5cd24b19e6dd7c32aef3464ceebd.tif,0.41577,0.58423,Malignant
7d861b476dcc79f52e065b35a81a04b2aecd442c.tif,0.424415,0.575585,Malignant
7db20d8e8537cdf9edfbf9c72b3020bda22ab08d.tif,0.426094,0.573906,Malignant
7dc7480cc9d18278a92ac9c7b7324af67b27fd86.tif,0.415951,0.584049,Malignant
7dca1b13c2035e4be5a974e1dc124709ca0a787f.tif,0.450197,0.549803,Malignant
7eac2d566024f8c99599bbbad09ab73b8bd678ee.tif,0.404133,0.595867,Malignant
7eb222a19360aec161ef39bc2dadb2f2568cae05.tif,0.420613,0.579387,Malignant
7f1faabf6923ca22f9cb6a220b12229a74afa583.tif,0.422537,0.577463,Malignant
7f7f2cdd5b6a02255af2a95c38f7c584509bed60.tif,0.418931,0.581069,Malignant
801ca2da6527730b1c6ce5917996e33748afc577.tif,0.401685,0.598315,Malignant
8098278226dd347cd2f63f7f5eff04043302ac02.tif,0.433797,0.566203,Malignant
816a8d3d5eb1249499c402d64a71968d32daa33e.tif,0.430194,0.569806,Malignant
81702b5a2317ad9fbdb869bb9f827f4c19ae491e.tif,0.402934,0.597066,Malignant
81845bf60fe7fa8c8598800f4d9097366cef15fd.tif,0.439849,0.560151,Malignant
8195b459834303b3a133ad78abeab3758d2638b7.tif,0.420715,0.579285,Malignant
81bb8a4b6815ad39af3851271d545d4c1dd68475.tif,0.411203,0.588797,Malignant
82a50a1cc77e47e444fa37a9122687152efae7f4.tif,0.425771,0.574229,Malignant
833c309c36c57ec2389cf137890ea50ea59e19c0.tif,0.424494,0.575506,Malignant
83fab88724f962dc9fc34ec03fd483bf281e85d2.tif,0.42092,0.57908,Malignant
840906a474247c6cc61f22115fb1e8c428b7c05d.tif,0.428557,0.571443,Malignant
841e9bbd20e43bf66ff2ff5ab92e1ab79fc5b59a.tif,0.462966,0.537034,Malignant
842451117a9e057fd8cde12288735351b2379f5e.tif,0.429932,0.570068,Malignant
842ad10ebd6632441cd35205a7a14d1337aa7e17.tif,0.430858,0.569142,Malignant
8482e463d0536f8704f5a2a7aa3eb06beb22317a.tif,0.42791,0.57209,Malignant
848b5c3c00888a9a1263982273216ae8bb59823f.tif,0.421107,0.578893,Malignant
84ac8a61920ddbc5f5bd6a1d8eb63186505ddc84.tif,0.418657,0.581343,Malignant
84c36e0e0e5f288c9ea05aae627ace4f8eee572b.tif,0.40801,0.59199,Malignant
84ce6b6dd97d305b9707ae130825819f8aeef03e.tif,0.41327,0.58673,Malignant
84d8f3f3f8a86f99f1483cb5bc2821f9df02833a.tif,0.416913,0.583086,Malignant
858a84751f353f7566b51aae9c3cffe8a6eae270.tif,0.408875,0.591125,Malignant
85bc0ef10273e5806c18ab8d3a4e72267f86fec1.tif,0.413455,0.586545,Malignant
8601ab6010917bff72b28f6d9da540caccd16a2c.tif,0.408523,0.591477,Malignant
8636be880710487c68dd658ebeb70441301bdc18.tif,0.425803,0.574197,Malignant
863c5c0f5175309dd927d661c9d24f288230227d.tif,0.416539,0.583461,Malignant
866418ca030606263a8ce0596aa45c7ea64e0ecc.tif,0.424415,0.575585,Malignant
86b3e88c38f6d949b677da2d66e6e452a6b3b505.tif,0.427443,0.572557,Malignant
86daef41b5634d69f941104d53faba72a501e464.tif,0.415752,0.584248,Malignant
872a5e82de0b6740f88384de9bee75ed25663943.tif,0.408158,0.591842,Malignant
87b7d34a1f751da5ef88f636f29cdc588324d9fc.tif,0.43737,0.56263,Malignant
87c5c10b9a8a0c7a6efa4b2371e2073bec38ed69.tif,0.407748,0.592252,Malignant
87d0673eaa21a2debf6b9d966ab34b00c8aa84a4.tif,0.437475,0.562525,Malignant
8862c61de698cb29cde45b493150ce888a5aedc6.tif,0.424063,0.575937,Malignant
88893660bf73bcf6b8f063463d03c2d17a1f2b6f.tif,0.422163,0.577837,Malignant
88b77495b7e8e8856649c7506ea7169225cac867.tif,0.428597,0.571403,Malignant
88e212b732ffbdc3641e9f5f3ab33dabbf0e5578.tif,0.429361,0.570639,Malignant
88ee9c09f8ae9769d83c804ed70545c1db1c8088.tif,0.415044,0.584956,Malignant
8934b2cd05be774a0a9b208f99fc64f5c087954c.tif,0.416329,0.583671,Malignant
8938f4cd25df2aaf35a3723ada2253f32eb84a81.tif,0.417834,0.582166,Malignant
8946669e8c60179cee24fb7674a94a06362e7d73.tif,0.419661,0.580339,Malignant
8965f16dd705a8a430813378f32673e6ea0ae61f.tif,0.429323,0.570677,Malignant
899237ffc0a786f40efc7db6329c59c978fcbb60.tif,0.39474,0.60526,Malignant
8996b3c4fc48262d03b51fa8467f115e979120a6.tif,0.429935,0.570065,Malignant
89c193fb805966b05a47458a9c073ab7d8dfd78d.tif,0.434293,0.565707,Malignant
89e4a1f188991d68d2a2d1bc685e5736f8c75e22.tif,0.427089,0.572911,Malignant
89e7e5bac2461e3de7f85c839c774790d19c4406.tif,0.429632,0.570368,Malignant
8a35624132281d4b8dbb392152794b042ca3e637.tif,0.422455,0.577545,Malignant
8a3d1e3c9cea98ac842961fa476a6bac6f79d4db.tif,0.412872,0.587128,Malignant
8a5c581ea3222203013c7b308e866cf52ebc1024.tif,0.406667,0.593333,Malignant
8a688746b1f299e62c542e478941aabb9af3f83e.tif,0.418235,0.581765,Malignant
8a70adde27f27c6347c3c5bd50219f18af3796fa.tif,0.451225,0.548776,Malignant
8a908c70d3691f94e7c4b59f8cc6ff0a57557e49.tif,0.407234,0.592766,Malignant
8acdb5485611bf3dc23f0cb6d317f199b8540d36.tif,0.415805,0.584195,Malignant
8af200b7645025c6bb7974714c98e4d1df2ff0c6.tif,0.4558,0.5442,Malignant
8b0bbc0470d00e18984886c83300930116dbf0f0.tif,0.414221,0.585779,Malignant
8b5debae591aa6edc20a88e7fff5a4934a13ef3d.tif,0.406745,0.593255,Malignant
8b7b015774b3944c36c5017d349b616db036957e.tif,0.427209,0.572791,Malignant
8bc373830b8cc5a8154efedde97cb49b6605a57a.tif,0.40819,0.59181,Malignant
8bdc3f4fd2d0b2965b05c88a0182a4cc29f27c22.tif,0.418773,0.581227,Malignant
8bec96634da60065f6bbf39604e3cf0d2a57184a.tif,0.416979,0.583021,Malignant
8c639217c18d7d98869aa86399e2d78687203ccf.tif,0.396205,0.603795,Malignant
8c8c770b1777025b60bda54469effbd519cd93a9.tif,0.41601,0.58399,Malignant
8cc317a558d16e780a8bef4fd3c2035978c6ef56.tif,0.391857,0.608143,Malignant
8cfe13ee876f2e3f1bac3e48293e688349dba37f.tif,0.412024,0.587976,Malignant
8cfe78541070ff0536c4671d728cc299cf8341a7.tif,0.418531,0.581469,Malignant
8d59cee3733ee85622b29c99a0452de817e51295.tif,0.418579,0.581421,Malignant
8da09575f16d7ef56bc38e4d3eb2250cf2b762c7.tif,0.42642,0.57358,Malignant
8dafee81686f0eb70f3ad8ca1e29d99c0085eee1.tif,0.413691,0.586309,Malignant
8dbb43c77db380f0bad7e9173133ed0211a6e3dd.tif,0.42676,0.57324,Malignant
8e0eb50ad12cf7f7e428dc5c8b556d58135649a7.tif,0.438473,0.561527,Malignant
8e395430b4f9dbf009e93410ad9c46a1633a4c04.tif,0.416808,0.583192,Malignant
8e83d25c31702bd93fe713d7098bf8d8885cf0e9.tif,0.404332,0.595668,Malignant
8e9c7f8beeb90ca1a6bd8c47ea160ecb6d3048e0.tif,0.414584,0.585416,Malignant
8f1ba0dea20c7cafc44d946cbf48cbac49b27015.tif,0.411856,0.588144,Malignant
8f1d1972a635052c230f04039719cec01ecd5c8f.tif,0.409501,0.590499,Malignant
8f4eaa29408c5824d889f10c5b77583ebf1a2ba6.tif,0.426913,0.573087,Malignant
90a0199f7b287d23eb0e21e16663d47f9ab1622b.tif,0.415156,0.584844,Malignant
90ad68de9b2a8e04a53c51488eb9f335c3ec490d.tif,0.419662,0.580338,Malignant
90fa48ef08fe208666579196454e0c163d87575f.tif,0.42474,0.57526,Malignant
911f483643f641764ae6d27c89021ac0458e2467.tif,0.402925,0.597075,Malignant
91896aa2b5caa66b0836974a59f299c38a7569ba.tif,0.394804,0.605196,Malignant
9241e899dbfc24e54374ec223fb7664e7c2dae6b.tif,0.3975,0.6025,Malignant
9293e1214bb09d9d1186a823b472667aecd9e6b2.tif,0.415205,0.584795,Malignant
92ac9085e5a24b43863c2d7575982bde89b265bc.tif,0.405382,0.594618,Malignant
92eacd920b2e3a56fdb1f02a6b37c54dc9f840d1.tif,0.430727,0.569273,Malignant
93bda6a6e89229c81fdb25badb2871332c214587.tif,0.410053,0.589947,Malignant
93c0cd8cda1dac33ed1055c4d3c95daec9b6ce2c.tif,0.404072,0.595928,Malignant
93c4a4f7963b529bccb20e631cdcee3ee5d19ec6.tif,0.445343,0.554657,Malignant
941815bf86183e71082a592834bcbd266813cd56.tif,0.434083,0.565917,Malignant
941ffe73059292e0effd4e81ca9363c117afc2f4.tif,0.423652,0.576348,Malignant
9464cf403653088420cdb78acacd8cf7fa2255e4.tif,0.474274,0.525726,Malignant
94689816b32788df3732d948f2309d332f4caefa.tif,0.418951,0.581049,Malignant
946f7fcfbb3070e168db283be946f2b418bb8daf.tif,0.430433,0.569567,Malignant
947d3715ccf3460bee66b7484914674605548c0e.tif,0.416593,0.583407,Malignant
9480aadc93dc052f8f54548b36b60821baa5354d.tif,0.44063,0.559371,Malignant
948e7e1c3daf88671600a7704bedde19546b9d80.tif,0.411922,0.588078,Malignant
94e001a065434e9e4b0d5aece1026610568fd2f1.tif,0.40603,0.59397,Malignant
94f414e5ff12a174e929b065502570229f51cb90.tif,0.411068,0.588932,Malignant
94ff4f5ce322722db7b93492e702637d0c3aa87f.tif,0.414443,0.585557,Malignant
95421a538865b70b3eacffd80f5d50139b17f690.tif,0.417529,0.582471,Malignant
95cefc0f4ee449cd10c156c1a7306ca332cbced7.tif,0.411912,0.588088,Malignant
95f5323e894c52a5d44a33dd3e96c8073758f771.tif,0.424251,0.575749,Malignant
962a992ccb1a4dc4563741297bf76ca79401ebcf.tif,0.427502,0.572498,Malignant
9665c335fe7fa0ddf8624d354a8a194f216c8b0e.tif,0.413769,0.586231,Malignant
9676bb606015d6cc8b1d0e29d46b536b60a87f9a.tif,0.418605,0.581395,Malignant
972e760872e973a3ef63c0b9cb94a42d166431fd.tif,0.395934,0.604066,Malignant
9761a2e4112950a0bca2c583834b6dd1bb40d670.tif,0.415315,0.584685,Malignant
97777e280c61c9edddf5ee6dcf96cef848b8a93e.tif,0.426186,0.573814,Malignant
979324eba8f5e11bc2e153185c3d0abd68730f80.tif,0.415515,0.584485,Malignant
97fe33f8a6440c7da4136cc015e4a6cb547ffb6a.tif,0.440316,0.559684,Malignant
97fff5187deb3409dbecb2361295d15264de611f.tif,0.411877,0.588123,Malignant
98888613393e15b3737c95db84555bfcd46720ea.tif,0.412479,0.587521,Malignant
98ac50cc0fc5632fc42696be2b3bd182cfd89a24.tif,0.419905,0.580095,Malignant
991ebcc98ab89ab321589081644985304d90d122.tif,0.42425,0.57575,Malignant
9941b7a6d87503a9143f092ab9279857fd1d6ad9.tif,0.40826,0.59174,Malignant
99b2e592647e08e65ec938105945255f15c69866.tif,0.420181,0.579819,Malignant
9a043930b92cb2df124408602d5dc8b83fc3d936.tif,0.420553,0.579447,Malignant
9a16e4c76b2b5e84da3fb65f916972b8ee5a999b.tif,0.404792,0.595208,Malignant
9a33521a72ed8fb1f04c18584e0a962dbea647f9.tif,0.458084,0.541916,Malignant
9a5455fa9519018fbf89a146786147ac10f2e88a.tif,0.40129,0.59871,Malignant
9a6cf130600eaeaf61f2845a53a3774f5ae3d3b5.tif,0.446507,0.553493,Malignant
9a97efbeced145df92d8eb5631bc93d2c2be499b.tif,0.421572,0.578428,Malignant
9afb11c0e90dc8fc17bb57cc14d35e10ca797319.tif,0.420519,0.579481,Malignant
9b35f71881c711607d8a7b77c395f13b8c60d6d2.tif,0.422618,0.577382,Malignant
9c0dda50180b20ad7874219e2b5e315cd6cddea3.tif,0.412669,0.587331,Malignant
9c14358c5658f23bc1a56c1d7ebfbf82fe01c6e1.tif,0.46017,0.53983,Malignant
9c32b9b0a7dcd06c2591f88ad957cd4ef1d1cbf7.tif,0.432771,0.567229,Malignant
9c55f0e697d22b98873f4c0386f308756625347a.tif,0.397855,0.602145,Malignant
9c77ab46fd96eba38759b3651cd719c00f3bbcfd.tif,0.418795,0.581205,Malignant
9ca5362b54ccab23d1e03b8607b49a974476adff.tif,0.411622,0.588378,Malignant
9cc464f1972e24e51fc0ae85d160f94077005f4e.tif,0.390217,0.609783,Malignant
9cd8ddac4d3354fb594f3ce0fb82cdc85ae1c5e0.tif,0.421692,0.578308,Malignant
9ce97f3ddc0b7719e19425d3a4e538e48ffbc40f.tif,0.416726,0.583274,Malignant
9d43fd2dd0709623850ca2efdc55e136b45e99a2.tif,0.437999,0.562001,Malignant
9ddddafb0381cb4032b8ce29ae5db43189dff83a.tif,0.423299,0.576701,Malignant
9df761b61517be59e185bddc3b1d38e524d4e248.tif,0.422004,0.577996,Malignant
9dffe56b14d6d2592917d3eae905bf1a8fb4d41c.tif,0.438101,0.561899,Malignant
9ea53fc981eb652e5f6df89f626ef3f3fba0a5e7.tif,0.420795,0.579205,Malignant
9eb85ad476130979f5d7dca1e301aa4d584d029d.tif,0.419449,0.580551,Malignant
9ebc11405274d3276e4d164665ab8e684aaada3a.tif,0.403137,0.596863,Malignant
9ec4fe5a7c21d52c4f22ce5569d71e1fcd6e7a66.tif,0.402873,0.597127,Malignant
9ef48bca3447070850a298863e66c116a535c2e3.tif,0.428663,0.571337,Malignant
9f78ebc2cebb9ba2ab33a3904d7a833b263c7cad.tif,0.425793,0.574207,Malignant
9f9322d5afaa969daa1fb0990bde218f49a3626f.tif,0.40976,0.59024,Malignant
9fd53f1202f02825db725cfc68300703aa854915.tif,0.420103,0.579897,Malignant
a01a193a44499f5e358200f587796cebf1c09216.tif,0.412932,0.587068,Malignant
a0276e560d3ec106cf354cec039b9aa573da1fd2.tif,0.432735,0.567265,Malignant
a07cf67092f1b982ab7da7d9544c9b158556cd62.tif,0.422591,0.577409,Malignant
a09eb2f51706974517354dcc5e0f073a30e59bd7.tif,0.39688,0.60312,Malignant
a1287911af9b5ef46a9b0bea5c1000e2b44ae82c.tif,0.39549,0.60451,Malignant
a16e16822f5fd4df985b5abe9563fab806cf18c5.tif,0.411317,0.588683,Malignant
a180e72b3ce2852c3c80cc5f73b5203ce3280db9.tif,0.413183,0.586817,Malignant
a1c5683bf628f1362c6c7888e7ed502f6f64d33f.tif,0.43698,0.56302,Malignant
a228ba285ef42ce67d6451907efe7c8deb9df6ad.tif,0.422081,0.577919,Malignant
a247f8d713532a65d556d826dec5d456189ff41a.tif,0.416907,0.583093,Malignant
a277ab43638c80c4341564be712c2e99b285fdc4.tif,0.418492,0.581508,Malignant
a27ca5689134736c6ea3e4e556df70f13d3743e1.tif,0.428407,0.571593,Malignant
a2ac0b1287d4e554f95e6dc4708e09287a49c840.tif,0.402323,0.597677,Malignant
a2ea3215f0424cec76ae6eea477f4cf58affc411.tif,0.403813,0.596187,Malignant
a34a14356771427eb2a7f7f536265b70a555646c.tif,0.443734,0.556266,Malignant
a3dfa7cc2729e284f29ab201946268c20a682558.tif,0.410587,0.589413,Malignant
a3e865e697bd227e0b922c46a95cddd5cba21ba3.tif,0.41848,0.58152,Malignant
a40788176622ac12b998cc8922f0caae7d2a54ae.tif,0.423256,0.576744,Malignant
a435b5ebbe9ea6358fc3f9482a9c420ef1df320e.tif,0.406363,0.593637,Malignant
a4621702744371f7d382e5aca92e6547c7d13948.tif,0.417022,0.582978,Malignant
a495099d83eb3864929c1780c909b348132e3948.tif,0.442331,0.557669,Malignant
a4c266bec6608661a3ad08103c9a91b922e29d36.tif,0.425824,0.574176,Malignant
a4cf64216f7672b19b459d1be175c898ec214661.tif,0.4197,0.580301,Malignant
a4d3ee9a748a9b4ac142abca575ef045e495ff31.tif,0.4354,0.5646,Malignant
a4d427848abec589ddaeb82a2b4cbe0c064fe496.tif,0.412142,0.587858,Malignant
a4ec423e9f5529f50bfbf88f3fbbd5c25fce7973.tif,0.413116,0.586884,Malignant
a4f4357240bab00fa38b5d4136c82dc2dcec7cf3.tif,0.402821,0.597179,Malignant
a5010fa3e28c8dd23c3dfb19bf61cc9ccdf844c8.tif,0.414204,0.585796,Malignant
a511e4bf53ae2985249871711ba6bdddc1209946.tif,0.406049,0.593952,Malignant
a527f46955de1c7aa96f7e5b7b1d6a727d6c97d7.tif,0.411296,0.588704,Malignant
a5497b3fdf32407f93901469115b787d33d2bf0a.tif,0.431335,0.568665,Malignant
a56e63ad038a5130d9e8ab32ebc26f1bbbd47311.tif,0.396192,0.603808,Malignant
a5901b41cb361b8bdb4cfcfd33f076418842dff2.tif,0.419945,0.580055,Malignant
a5a3d193514f6a880cfcb848b9e1c2f206e44cb9.tif,0.43968,0.56032,Malignant
a60a2c710d05e720b4def8a0b6b4eec238882823.tif,0.413641,0.586359,Malignant
a69d632da2c4c198e35e1f2a6c8001970c1443a4.tif,0.414408,0.585592,Malignant
a6cccfb723c6461565de7336a10aeb6e5b0c86e8.tif,0.419926,0.580074,Malignant
a6e39cb25958b12a87a4da9ace76e74b5188fc6c.tif,0.422853,0.577147,Malignant
a6ef5987d168b04d05b7755334dc4b56f0641d01.tif,0.411056,0.588944,Malignant
a6f428dd2075a831fdcd238945b3e337de3b73ab.tif,0.413822,0.586178,Malignant
a7414d9d32b2ebfede463a62231691c09a718301.tif,0.415152,0.584848,Malignant
a75fb96c5cfd975ab91044d2f24346873489ff16.tif,0.430333,0.569667,Malignant
a78468db52f5a783de0cfe78309284d9b1fe9859.tif,0.418112,0.581888,Malignant
a806c620c18109c6aacd4ae57330c6898d8e6cfd.tif,0.414855,0.585145,Malignant
a895806ebc16cdff95d438282cff7597c618ec4d.tif,0.420055,0.579945,Malignant
a8b3009353710771ae8410b3dbf12b2a5bf6e70b.tif,0.420471,0.579529,Malignant
a8ffb6bd3255a420007e22b97b66c7427c13acf3.tif,0.404353,0.595647,Malignant
a96009f5c94e79f56907155a948e0edaaaedeb0a.tif,0.418037,0.581963,Malignant
a974bb17f272d09071ef00e11e151c51b025539a.tif,0.415481,0.584519,Malignant
a97fc41cd4fd2cd0fb9948c8af4799ce4990ef22.tif,0.426652,0.573349,Malignant
a98b0a4b7d5017100ef140a58b464c9fc704d08e.tif,0.397789,0.602211,Malignant
a9cd8215bf895cd1a1fc9158ca5232c3c4bf9cf0.tif,0.425548,0.574452,Malignant
a9cfcc53eada2352a7b09c78893cdb6728a6ed8d.tif,0.43876,0.56124,Malignant
a9f7f612736ebf2fb47cd83ce0c368d3a480aeb2.tif,0.422745,0.577255,Malignant
aa6deb2ad1d3c2a4dda9da94adaa6abcf5808a30.tif,0.412833,0.587167,Malignant
aab85ca3235b961f7c8f9bd2d400083c9fc0d44d.tif,0.414596,0.585404,Malignant
ab0be0041b2c030e7152f0f991c9f46e7ae00768.tif,0.402541,0.597459,Malignant
ab1040689be3100fb84424b5af9042198be93ce4.tif,0.424539,0.575461,Malignant
ab4125fff0aa4a8f6ec1624e57c87b69c8c7feaa.tif,0.414452,0.585548,Malignant
ab999642f7ae64e93cb79607a32b7510784b2472.tif,0.421111,0.578889,Malignant
ab9bd7b1661fbb024640c2b0a61b18b1cdf90f33.tif,0.415102,0.584898,Malignant
abff15ebbc4368ae31b9cc22f49312c5dcf643e3.tif,0.428884,0.571116,Malignant
ac2b480f7338a130d538e66262cf72ac9ed7f21b.tif,0.412531,0.587469,Malignant
ac451a49b1fc8765bfbe4def3382aabdc779786e.tif,0.443929,0.556071,Malignant
ac6fe4954c227690504299ab6db36499ceeebe01.tif,0.431299,0.568701,Malignant
acb95fdfe0821764332629f43383eba3bf8588e2.tif,0.413006,0.586994,Malignant
ad256f4cfa95b744a6a3e51d64701f6ad5a48a1c.tif,0.427168,0.572832,Malignant
ad5f8350740da73baa13dd2a5343faeb0df77738.tif,0.426175,0.573825,Malignant
ad639f2564c90d5a3e89d9e50151106c3069c90b.tif,0.39549,0.60451,Malignant
ad845d11d123bb01b1ae7f3890cc7a32d8a37933.tif,0.413453,0.586547,Malignant
adb27298482ecc2623aa1fb27c6a9b484d9e51d0.tif,0.411482,0.588517,Malignant
add53c19457fec73eb05603ea4b50c269fcc8e1f.tif,0.428348,0.571652,Malignant
aeb3418f9fc15c1fc4861fb5a70057443f057d18.tif,0.42488,0.57512,Malignant
aeb4ea0865267566b1503930ba1763d284651bfc.tif,0.418858,0.581142,Malignant
aecb0c73dcfccb0f968d17c971268456489aa8c5.tif,0.42295,0.57705,Malignant
aed0fcd7149b3700c424a06edcfe392824d38919.tif,0.412655,0.587345,Malignant
af698df171c101ed05128aff4099e3f87f1ba2fb.tif,0.398508,0.601492,Malignant
af73e0ee1ed552ecbe4c0d16a9a776bcc09a15a9.tif,0.40506,0.59494,Malignant
afb4c6c661ce9e284b153ba1d5be1fe7a78c8b31.tif,0.407324,0.592676,Malignant
b03ca203136443f3e55904bc65e0535c5d6e9d23.tif,0.418817,0.581183,Malignant
b0d4889931033989e28f4d7e86177724c40046f4.tif,0.412079,0.587921,Malignant
b0fafacb614a39c8c89d8ce6c377f3b487bff4f3.tif,0.418435,0.581565,Malignant
b103d028d38794424461ca77e76bb4b979f847fe.tif,0.425006,0.574994,Malignant
b217de010ddf605b0f4861ab4b7b59d5fb28e3e7.tif,0.416253,0.583747,Malignant
b28204cc9bb3c0963e808d73fc99e86a79919335.tif,0.41159,0.58841,Malignant
b2957fbabe67f749c1d57792607e8f88b622195a.tif,0.404312,0.595688,Malignant
b2e15ed83f721ae3fb6c266f883cc82f8137ba7e.tif,0.410718,0.589282,Malignant
b2e417b080d9ace9b9c5699522065c5cf9a8cfd1.tif,0.413232,0.586768,Malignant
b2ea93b4581009eb51bde70830e1a717a8c8e4d9.tif,0.422753,0.577247,Malignant
b304d20b4384247a1388944e5d168219740fcf9c.tif,0.420045,0.579955,Malignant
b33d131a5ec1e9324af9e59be3d08daa08f1d01e.tif,0.410229,0.589771,Malignant
b37b5aa9e155d6702f2aacdd12a38bacb13b6ff8.tif,0.429496,0.570504,Malignant
b3b7f2962ead3d520edfd840ac540cbae7923e78.tif,0.422862,0.577138,Malignant
b3c8520a82ef6eb15506ac921746e0677f21b68c.tif,0.406315,0.593685,Malignant
b44eca78a48cdf0f0438530fdd2dc339ca34eed2.tif,0.433121,0.566879,Malignant
b4c31b0b47df20d0d763688ff48cae38918d0241.tif,0.418871,0.581129,Malignant
b4ff722d947f877aae116999cb6c78586f88d3bb.tif,0.431376,0.568624,Malignant
b53ea045d693a2ae3a09e5314175d3b7bb98db10.tif,0.434838,0.565162,Malignant
b58b8c1d6e6f93a0d8bdc910d22513783005f556.tif,0.422927,0.577073,Malignant
b5f83a512a509eb1bf7066f1ed1bcf0a9d674b74.tif,0.419239,0.580761,Malignant
b6aaf9c5415dd9444e70ff79ade9183e55e2a191.tif,0.423121,0.576879,Malignant
b6c7fccde21fcadf0f7825fa18e0aaf5d588cffb.tif,0.421142,0.578858,Malignant
b6ddc70b091716e5ee4f3c985b4aec86d46b2dfc.tif,0.414595,0.585405,Malignant
b712cc2eaa5222ecd1964ed1034d785c7ff47da4.tif,0.436865,0.563135,Malignant
b73a98d27fb8b50873ff22d0ff1e6f1caac91dbc.tif,0.432326,0.567674,Malignant
b758d2fc385e6694f02053f4ac6dab295bf5b731.tif,0.409869,0.590131,Malignant
b77f2dca4ff6d8a67d32e3fe634164ac35c185ae.tif,0.415766,0.584234,Malignant
b7d1047945419c3b9e3f7a9e4e67e2c2afc57e78.tif,0.426653,0.573347,Malignant
b7d525adf8da7bed4d3175574a7b4b6f15cb5880.tif,0.433866,0.566134,Malignant
b7e2bc77f2cf29ab75243fb49834ccdafbce5a7c.tif,0.425866,0.574134,Malignant
b82614b54a1417c803da3d32bac16d5b4b6274b9.tif,0.40314,0.59686,Malignant
b83d8048b0496d744a14afd87b3a6adc7ff0097a.tif,0.405378,0.594622,Malignant
b85163bb4a94befb417319977b3df2f712759e3c.tif,0.421504,0.578496,Malignant
b89855e577fce23feb51d0506bf094dc69f76d50.tif,0.412409,0.587591,Malignant
b90d2de3fc433afb35ce2056f36ed2720e513376.tif,0.408673,0.591327,Malignant
b987f85e421ff4cb0d5826f5cc99197fc8a00d2d.tif,0.419344,0.580656,Malignant
b9c9f399bafb2c6db2f5e78079750076eb1ad7e7.tif,0.406276,0.593724,Malignant
ba11e0c177b22fcc045374555d192b8e732be06a.tif,0.417972,0.582028,Malignant
ba16af9102f69ff0294069b7415691bba9acb327.tif,0.419114,0.580886,Malignant
ba5163ddbc2f5928ab83275eaa552081cece7b88.tif,0.398401,0.601599,Malignant
ba7a8c6a84531766c5c50cbcf7e5e2f72f789b08.tif,0.423276,0.576724,Malignant
ba917bcca63cd053cfa5f22ab6adda3837996bc7.tif,0.383147,0.616853,Malignant
baacd649b9f58119b8dc6d73d3129ad91c7b70e0.tif,0.426888,0.573112,Malignant
baad4604987012f7847622def3814bdb7c9850d9.tif,0.394933,0.605067,Malignant
bb0fd513952f00887dc0601c2041655f52fa634a.tif,0.420628,0.579372,Malignant
bb2dc2295df4c677b1d06af9384178bedca4ec41.tif,0.417035,0.582965,Malignant
bb2e9714a8a4086ad5875ecec322085de9eee1f1.tif,0.411488,0.588512,Malignant
bb4274fade437f2497201a6b2803071a3131b41a.tif,0.38524,0.61476,Malignant
bb4958bef0ae42e098ce7ab0ff5c81262b0a9db1.tif,0.408227,0.591773,Malignant
bb5f2129794ffda6a1601ad55bf1b75400baeb62.tif,0.42733,0.57267,Malignant
bb67a5f91126e067742d67e9c641f345a0902bb0.tif,0.410129,0.589871,Malignant
bb6e1979aa87a04a3b736be17fe66f26f9b29b95.tif,0.415623,0.584377,Malignant
bc603b207a9a2bd4f08c7121d694df805ebed79d.tif,0.42377,0.57623,Malignant
bc768733cd5c59408c2a7de335fc029b9773c923.tif,0.429454,0.570546,Malignant
bcfd4c2b86bab734d9e46d30c5f6bba13b08c2bd.tif,0.40213,0.59787,Malignant
bdd34b6aed1ff9d429f4c817c7ecc775bfb018d5.tif,0.424538,0.575462,Malignant
bdfdd3cd28500adc3ee0b1d22eb5c05e2d7c81d5.tif,0.416255,0.583745,Malignant
be11603c26d2a0b8cfb23a07ceccd27f9606f14d.tif,0.403285,0.596715,Malignant
be6b7635b2a6af896e710d25505ae9cbf512cda5.tif,0.429736,0.570264,Malignant
beaec0330a88e7c76597cf631baf19a685947f32.tif,0.413,0.587,Malignant
beccf6569c2ff0da34080a61b7490bfbea30b880.tif,0.441315,0.558685,Malignant
bef935ddbb4fcbbb7d966b893ebb175d098efbc4.tif,0.427459,0.572541,Malignant
bf10a733afd33e75262d42bd58af431a27000dcb.tif,0.422589,0.577411,Malignant
bf20505e8ec57a81595386a21f8d3f44f46afcdd.tif,0.40976,0.59024,Malignant
bf42ac76820b9c005ac9cd6574cc9923936d18c1.tif,0.415762,0.584239,Malignant
bfadf46ddf10542a165d351755d7098cecf44803.tif,0.414623,0.585377,Malignant
c0002ebb04d03ee0ee511a18f79009c11ecc3a4a.tif,0.423227,0.576773,Malignant
c0a7e89d054141693604d055c6efd8c87909a24e.tif,0.420248,0.579752,Malignant
c0ba274a7a277d0b907f47b286b602021b0e6bee.tif,0.430557,0.569443,Malignant
c22386b1aeb08358d2fb2901253b0d52983165f5.tif,0.440212,0.559788,Malignant
c22ed4df55b2de3aa3a17f4aa9abab8208529817.tif,0.43012,0.56988,Malignant
c2701b507646a7a537e73a5121712fa24f38d4f2.tif,0.402571,0.597429,Malignant
c286f15cffa5ff24d0cf3bce47f431828c5d6fa6.tif,0.46191,0.53809,Malignant
c3a48a9801d7b7a52f1451007dbee52b4b745a85.tif,0.424216,0.575784,Malignant
c3dfb3e4095bc45514a45c1cee1bb09605756daa.tif,0.422415,0.577585,Malignant
c4b6ff5857bf5df1c771d687b0fe9ec13d4aa43f.tif,0.415649,0.584351,Malignant
c4f9ad1baf7755d52b2c37448ea3773c8520ee7d.tif,0.419418,0.580582,Malignant
c516317c7812dd32e5229b44f1d194135e58f045.tif,0.440721,0.559279,Malignant
c557c7da1146bc1415a020f90772dd915df1587b.tif,0.418732,0.581268,Malignant
c58c14f8b2b74401e3a4ef7c8d77bebd3a236989.tif,0.422117,0.577883,Malignant
c5eec8e3dc31298bb166e11d1565987720116a3c.tif,0.411113,0.588888,Malignant
c617b5bc6c323c8a5ec45d1081341867cabd90ac.tif,0.437296,0.562704,Malignant
c64fe685b24cbe0a8323e3f50052a487d09bccde.tif,0.42387,0.576131,Malignant
c7041596a428d5d59f6a3de0ef83be604357b173.tif,0.428123,0.571877,Malignant
c7160b615fc6b9527d61232f566a57492dc52489.tif,0.398284,0.601716,Malignant
c755f97bd9c8cad15a2d83a6c83cc8ed339d2382.tif,0.416693,0.583307,Malignant
c7cf9e6eca1afba25d80c2c666476b1fafbfd5ac.tif,0.415315,0.584685,Malignant
c82bf2d75598a30b80f30acd335d2e9742579621.tif,0.462148,0.537852,Malignant
c84f35a9bcc8b33642e923b8ab940a3d37a2fda1.tif,0.401556,0.598444,Malignant
c859bf67d3d39da4e1e2df6ee4a7568cf6f25917.tif,0.417735,0.582265,Malignant
c8c61a85795add6e3f720b203bdd61d2ec32d22e.tif,0.416924,0.583076,Malignant
c8cca08a4861ae72de166b5f334c9f887f485a51.tif,0.451604,0.548396,Malignant
c8dd5fb6eb96490bacd9eb7e84789d0b239c63e1.tif,0.407905,0.592095,Malignant
c91d34e63587c94add0451f79fb428428e7033e9.tif,0.427247,0.572753,Malignant
c967176caa4af2f1e448a50854146839fd491d6f.tif,0.416592,0.583408,Malignant
c9d3dfacecf43ed4ffef6060759e012711a99741.tif,0.419607,0.580393,Malignant
ca5c66881a0a45ff05b3acbaac5b87571e1227b7.tif,0.411722,0.588278,Malignant
ca6d68a0e1d2a09c853858a727e25c45f36ab219.tif,0.4228,0.5772,Malignant
caaa5f298171334f0acc5ee12959e722564a4e30.tif,0.413559,0.586441,Malignant
cab7173d7dcd2d4e886e134224d985ff99f87971.tif,0.428104,0.571896,Malignant
cade83d713ac752152815168eee53e920590b608.tif,0.408406,0.591594,Malignant
cb4545ff54865654f27e0f7d6c2fe9c59d9969ce.tif,0.431972,0.568028,Malignant
cb45b6d45fd3e806aa8f03f668d76b64bff05248.tif,0.434032,0.565968,Malignant
cc31411ffb24e46bbd1626f29cf822a66355de20.tif,0.406539,0.593461,Malignant
cc4ada2b4f515ec63e8fcc9f01065d6a453a4760.tif,0.410327,0.589673,Malignant
cc7b6d884c98f3a93aa6506a6402999f066988fc.tif,0.411096,0.588904,Malignant
cce9d7bdf20b37716c692dd7fad7948e28bf12ef.tif,0.414607,0.585393,Malignant
cd295b6d6b2c8c2fb9a9be9fa6e2d642f61fa3b0.tif,0.417083,0.582917,Malignant
cd4687a90a7d3e8ce5baebcde417c36dfb82808a.tif,0.408651,0.591349,Malignant
cd5fb05a0f201bfc4d4129f4e0a923e7cdf3cb32.tif,0.41712,0.58288,Malignant
cdf6448bcd4dccfec05bc67fc7bc316951898d4e.tif,0.406122,0.593878,Malignant
ce218efe1614566b352af8ec9623b2389315ace1.tif,0.416895,0.583105,Malignant
ce9ad70c536374fc861bee7cf3418e35b3d5d6e9.tif,0.420635,0.579365,Malignant
cea95a72c3186f3607f64b797adca343e13294b0.tif,0.407954,0.592046,Malignant
ceafe755f95ae9b2eddbe0649437401a1d0744d3.tif,0.417439,0.582561,Malignant
ceca46fa4ca912d071f4647d77719f1f3e34520e.tif,0.426077,0.573923,Malignant
ced3ed11bf9d4aae333ed5ad9d94a75f32ad653c.tif,0.411048,0.588952,Malignant
cf607b7e9dd7c553ffd9840e10eb7f5defa7b6b9.tif,0.418545,0.581455,Malignant
d084952ca9444c1d8e67834ce45f8b8eb21f27f1.tif,0.404597,0.595403,Malignant
d0acf96b799cfb5c5f7cc52b17d68e1d62cced14.tif,0.437907,0.562093,Malignant
d0e8c21cc54346abfcffc49215022edf7a1354b3.tif,0.428589,0.571411,Malignant
d160cd7df257dab79c89adeef2a372ba4c1d152e.tif,0.431035,0.568965,Malignant
d1f19a2521ca6bfb2c37bddd308ad6429a1dbc70.tif,0.417514,0.582486,Malignant
d20d7a43665f69ff2c289ba7f0a4a7f641c50036.tif,0.424823,0.575177,Malignant
d330699879b6e662723399e0822abb9b5504a108.tif,0.414811,0.585189,Malignant
d372505f3e994fce916f9b0dca7b95bdae7ec5b4.tif,0.41913,0.58087,Malignant
d40b7cd16dceafaa23edb0c99657b42c4c048113.tif,0.435362,0.564638,Malignant
d457f81698deac80163777af2cf97e757cdd9dda.tif,0.428396,0.571604,Malignant
d495aa26f4d396af28ca073b8bd0d913d65998b4.tif,0.421623,0.578377,Malignant
d4d598cc78ae26d8035059c38c3ef174c97afdec.tif,0.411132,0.588868,Malignant
d5b979de06d984937bfae7fac9d8d16783d035c5.tif,0.429877,0.570123,Malignant
d612167b8be7ec551f74f4644168bb1d3e8b3ba3.tif,0.415416,0.584584,Malignant
d61442a5174ca7ba6c574f6ffa63dc74407843d5.tif,0.412693,0.587307,Malignant
d617939818c96e539dd299ea86dddd64080f592b.tif,0.410059,0.589941,Malignant
d64f51ede163bddeae813a0eecc066de80ec31e9.tif,0.418565,0.581435,Malignant
d68da6b2772e7409aebbf01b4e4316a9dd9570b2.tif,0.423139,0.576861,Malignant
d6a16a72d9cbed2bafba64aac07c5d5b168042e8.tif,0.413698,0.586302,Malignant
d7705f79dfa4db4b252ca227bf39e4b07cecb4a0.tif,0.412153,0.587847,Malignant
d78f8bbb4673a2fe2253794e431869de7847935d.tif,0.431421,0.568579,Malignant
d78ff9e8227829ccf729a07812dd75c9d5ba43fd.tif,0.410493,0.589507,Malignant
d7c41ad2dc86ac6fe4907ffdb35d5b1330cc37ac.tif,0.443991,0.556009,Malignant
d7c4a89c1f8baf5539e1561630869913d877791d.tif,0.43364,0.56636,Malignant
d7ce1bcd6eb3547f957a52613c5b72158e1cf354.tif,0.405977,0.594023,Malignant
d7dba96d43a123f6ec05d7be06440c9a579856ca.tif,0.431278,0.568722,Malignant
d8369cbdec89cd3854fca06fa49bb4de96449b06.tif,0.425126,0.574874,Malignant
d8b5b1c1981cd88dfcdcfc797609ef5c5a96f06f.tif,0.413504,0.586496,Malignant
d8b7dfb9181e6bac81b731ae44981690d4e7572f.tif,0.420205,0.579795,Malignant
d8cc55e372c39b34dcfb665e66ea9c0b51588394.tif,0.411386,0.588614,Malignant
d9078d39a789e71e4383c4135752e71d71c30f64.tif,0.415627,0.584373,Malignant
d93f7eb3e885f1e8dd8dcf86ea86e6a7af5bacc1.tif,0.412487,0.587512,Malignant
d98035230bfd4553a9f1a15e2d6f3cc8025184cb.tif,0.435399,0.564601,Malignant
d9ba5b2c643534e9376e1e7593783f9f7b8dd5d4.tif,0.4487,0.5513,Malignant
d9fb21c3175687b8bb5f02d464ecbb59cfe6dac5.tif,0.415625,0.584375,Malignant
da8fc7107196db3b00530069057f4e9d342e5cb6.tif,0.414083,0.585917,Malignant
da9420dedf7fd149c320ba2093ce33645e51f7f3.tif,0.406955,0.593045,Malignant
dac3e10745b396d0c28460a0593a6e4a6d5e0295.tif,0.410732,0.589268,Malignant
dad9a2d9e6c97e6c21fc1b10cef6da49c8972abf.tif,0.39734,0.60266,Malignant
db24a0b08e62c7795874b839bd8e1feb981a1c27.tif,0.418328,0.581672,Malignant
db26793fafb2028bf16fade339dde5fa08227f7e.tif,0.427257,0.572743,Malignant
db5870bd6121fe2ce8e29bbc02ee490d3d2ca3fd.tif,0.414666,0.585334,Malignant
dc25791f02da32d1de5be334216024b9843c0cf4.tif,0.435984,0.564016,Malignant
dc6bb2c6b3d777ec50156b7706baa6bf305d4094.tif,0.430428,0.569572,Malignant
dc89b369b505106e10c6c9302c49172d862c0dc7.tif,0.420436,0.579564,Malignant
dccb762cf82a9c2c2ed4e712e213d70408271d4d.tif,0.42901,0.57099,Malignant
dd4698d03119eb57a740b7c6512cb9d6fc5fa073.tif,0.425663,0.574337,Malignant
dd5b5d9be5d9161db555281a901f702ebd8b03ee.tif,0.41079,0.58921,Malignant
ddcaa7d92fc8d3dbcfe5a10010a1087c2ec2f7ca.tif,0.423326,0.576674,Malignant
ddfb46ab5fb059cbd58ccda74bf7723799a4f9f2.tif,0.432175,0.567825,Malignant
de6bfd1946dd42ade517c8b620f5ad82f0c34a5a.tif,0.409284,0.590716,Malignant
de71ac254737299a5f63d16f85390bc05a62c416.tif,0.424731,0.575269,Malignant
de8017267c226a2deb76cb57b7591e3ea22e7abf.tif,0.42841,0.57159,Malignant
de96478833acf1045a94769fcad51a8f8658d42d.tif,0.437879,0.562121,Malignant
dedb22f0b4e9ece27ae7edccac0ceae2f4bdb586.tif,0.430848,0.569152,Malignant
df1225d9626643caff34480ee2e40155f2dcfab2.tif,0.40991,0.59009,Malignant
dfdb45dd18a782e2d704df164e170d9de392f648.tif,0.420584,0.579416,Malignant
e012a9f6faafae3cfeb4d2bc30062b05ff36db80.tif,0.414352,0.585648,Malignant
e06740288460ade56562aa50d2a1f8ee9d299b23.tif,0.392564,0.607436,Malignant
e06aa3334fba9f7c36dee4aca4b579d2e0d10166.tif,0.408417,0.591582,Malignant
e0aa276c89e19f61ba43d31d6eafed10e42ad44a.tif,0.408814,0.591186,Malignant
e0df73ec83468dac7e0efe4f10362f8bc880af4d.tif,0.448424,0.551576,Malignant
e12c04e52ca74cc5dfad235f81c16a618cb435f7.tif,0.420117,0.579883,Malignant
e14c84b8f03424b89f9fd7cdfa4d3d5fef1ebe87.tif,0.42936,0.57064,Malignant
e15db1da9aa0e82841e8ff85d7bc6f27e88c1316.tif,0.420896,0.579104,Malignant
e213365b735cef9655858d9d99253751391349ec.tif,0.41078,0.58922,Malignant
e213b5b5a5f8145fc746c219ac712e3f121194b2.tif,0.434688,0.565312,Malignant
e21f736aade23bc1db362a22bdf3457269c9488b.tif,0.413818,0.586182,Malignant
e2a2fff05b0402b6c88e0150a3e99bd801e20419.tif,0.404998,0.595002,Malignant
e2cde9e457117ca4f8d8dbc33311b4227a82582d.tif,0.40497,0.59503,Malignant
e341f84ec98f4f9b56e9706b4ec1549633aabe37.tif,0.423242,0.576758,Malignant
e3a19cb2525115a8feca7bc49073affbbc1ef9be.tif,0.423727,0.576273,Malignant
e3d32896b783bba1cd7449640cb5c3d7a749d7a3.tif,0.435034,0.564966,Malignant
e4389fb240b0d0c1c308b1ba7e9938fd4d584017.tif,0.421762,0.578238,Malignant
e4860874239b64a59a5d435123ca498dfa911f04.tif,0.400686,0.599314,Malignant
e48cc97be16be04bc8effbf28df4439a1483a4f5.tif,0.420057,0.579943,Malignant
e4990fba6c855beb5d5e997f55d93fd9dab5e216.tif,0.416302,0.583698,Malignant
e4a77e782497f8f58b2066f3b7a97f5fcd38482b.tif,0.419689,0.580311,Malignant
e4b6d5ac9ce024ed96c9fbf3b8cdf2f90f68ddd3.tif,0.425227,0.574773,Malignant
e4f8d76538209a8436de6d1993c571f336bc4a1f.tif,0.412075,0.587925,Malignant
e576b77fa21e6b24c13599ad75edc89c300228f0.tif,0.423558,0.576442,Malignant
e5d43f87bcf5af4f3254e0b44db4efd32fdd65f9.tif,0.41692,0.58308,Malignant
e5db5431ee9f59e3fd47b7baa52c31836a54b25d.tif,0.425292,0.574708,Malignant
e65398aad2154e921f2430d659d29db37e3213c3.tif,0.458732,0.541268,Malignant
e66af4b5379323ee39d924532110f375b60cbf4f.tif,0.417594,0.582406,Malignant
e6756e8e952b69be7406d22fbb1f3db53a0fa106.tif,0.42019,0.57981,Malignant
e6b9a30781f7a3e282bfe443f67c497389839774.tif,0.404698,0.595302,Malignant
e8670bf56fbd27320a9d00f9c3d130cb89bee215.tif,0.406727,0.593273,Malignant
e8a10e753564bb30ceecb0c6638b878e1822024b.tif,0.432208,0.567792,Malignant
e8a737aec7e51563a25f1ab4459544d6d97c60fa.tif,0.440355,0.559645,Malignant
e8c5d61963d3e5fd9a8bd43c0330872fc60a06df.tif,0.430272,0.569728,Malignant
e9b0f0e7eca8e88c1485a88148c1c6bd8de73fdf.tif,0.416092,0.583908,Malignant
e9b9ccd028ca30179c16b4efcc016318756f052b.tif,0.424997,0.575003,Malignant
ea15b805d645071b6c31f720f0aae5b421fc7066.tif,0.411676,0.588324,Malignant
ea3983fa9d20496d38b6e0d64c1451f754286849.tif,0.435717,0.564283,Malignant
ea3a57c5ae798de7a6be8394acc4cd35e0ad8d32.tif,0.409223,0.590777,Malignant
ea814660864be6ccdef8bab41c84adb122c77c2e.tif,0.418951,0.581049,Malignant
eb53a40f385c82547fc8f5677a42fdc1d7e4e7b5.tif,0.443435,0.556565,Malignant
eb682e9931d06855b88c35d228b8d305898bfbd3.tif,0.41107,0.58893,Malignant
ec22f9661d1ab0b27713697c8027f0f584d758ed.tif,0.414926,0.585074,Malignant
ec3349086b03097eaf0dfd722af2de92392126cb.tif,0.423702,0.576298,Malignant
ecb58472616b3295ee1e1e2208326d9ae8324847.tif,0.418568,0.581432,Malignant
ed0f0ee39c5b240122efc868ad408dc6fda805f8.tif,0.425869,0.574131,Malignant
ed3589c67cd64d72cfc03d007e03ab73894fe8c2.tif,0.415788,0.584212,Malignant
ed4bf6b5286de00d06949a96e5ce008c68e3e1e7.tif,0.408464,0.591536,Malignant
ed67e867f74b2370c44822e94cc45baed5a82026.tif,0.402659,0.597341,Malignant
ed989c978d2192428e5c39f55bbd21ec134b58ed.tif,0.428005,0.571995,Malignant
edc0d46182bae8850f87075799d3366271d86d58.tif,0.410678,0.589322,Malignant
edea6f8a5f4dd5baf75b527fd16e0aacb1545786.tif,0.414367,0.585633,Malignant
ee6c2ccd01fbecd1fe523937cb8aa10804846d48.tif,0.409713,0.590287,Malignant
ee81981abfa01e660f8731c29c10767a6ab00cbd.tif,0.408817,0.591183,Malignant
ef669551ae749279329a879132c088d056bed103.tif,0.406942,0.593058,Malignant
ef8ecba25889e8a5dcfd4aa5a8fc6e10dcd9e41a.tif,0.434117,0.565883,Malignant
efc918cade098c2083e951b4ee7f9ce09e96eea5.tif,0.427042,0.572958,Malignant
f04790615c89e92e8d73c990df4cac1311e26321.tif,0.39833,0.60167,Malignant
f04f4bf04a0e91b4f32395c5fcde81014d06baf6.tif,0.428085,0.571915,Malignant
f08bf8529f52e8676c657d650bb4bd0c73060543.tif,0.410084,0.589916,Malignant
f0ccbb2272dcf5c95e2f8aa03860a14cb8bed191.tif,0.42016,0.57984,Malignant
f0d1c48bfba82568a3471e783bdee67393ce94c9.tif,0.417268,0.582732,Malignant
f0fb7f7200ea04b7000b413c58077396bb84232f.tif,0.425817,0.574183,Malignant
f161e6350b42ffdc83165e355eae0d785741bf99.tif,0.435107,0.564893,Malignant
f1adf3c5634b0ffe88cd831761f34d6b6d8980d4.tif,0.406059,0.59394,Malignant
f1b9c3b1b29880030e67f30107dac358be9efa0b.tif,0.426546,0.573454,Malignant
f1d80a48200ee928c4c1ff7f36422453b08cc5d0.tif,0.402227,0.597773,Malignant
f25b9092968377665a4932042866a28bb669a10b.tif,0.42633,0.57367,Malignant
f2b599e0e42a5acf47dfd0ff9471effe618e561c.tif,0.422671,0.577329,Malignant
f2b827a6b42358dc0e322c1c04e00aa7747e6693.tif,0.425181,0.574819,Malignant
f2eb26aa50d2346243abfa256fdd4a1d88c24397.tif,0.440367,0.559633,Malignant
f327fb03713c43fb8b4fd502a2b363f4712b5d65.tif,0.421273,0.578727,Malignant
f337b76dde665bc1f9a9b647bcc0d5488357fd13.tif,0.425345,0.574655,Malignant
f34d622e5373d32047315bc250297b0080a97dd8.tif,0.423863,0.576137,Malignant
f38919b8f9df663d8529a64fa421be702e820f04.tif,0.409631,0.59037,Malignant
f3ac928c7a95e3ea04826c6d39af23b3b956ace3.tif,0.408379,0.591621,Malignant
f3c304be0ffde9641564d8b68ec1f8dd17af71cd.tif,0.443695,0.556305,Malignant
f3dafef8b80b207185b6e1e4b95679ae8fc1f052.tif,0.402292,0.597708,Malignant
f3fe403aee2b71d3e4469f19717e896bbcc2934e.tif,0.417239,0.582761,Malignant
f4042a794974c9f6e5185a5c2cb7332398fe9328.tif,0.413801,0.586199,Malignant
f4b6135fe5cb0809c82632dc4e6029dc39423add.tif,0.407899,0.592101,Malignant
f4d613c52c5c3c785e05c6d3ab9e5e569ab1aae6.tif,0.416687,0.583313,Malignant
f50f6d77f39c2377963cdacaed95fc12d0e7f3e3.tif,0.407726,0.592274,Malignant
f54b9ca5ba2fff32286e276fce06ce02c0991264.tif,0.427804,0.572195,Malignant
f5d5e0764c36c68890acd86ed23131a376ed2c5c.tif,0.41143,0.58857,Malignant
f5db717fba1a02cb70ff48929bc99489b5f7367f.tif,0.435757,0.564243,Malignant
f62150e23600e3f65359c754eca7e01cac95d208.tif,0.400892,0.599108,Malignant
f67e14230e398e2ef9c53c024af9f73ca5f3c789.tif,0.443773,0.556227,Malignant
f681607d9551f658329758a8f8817effa3079f66.tif,0.4191,0.5809,Malignant
f6914bd49fd4e0e01903ef6a252f638786242ae4.tif,0.429054,0.570946,Malignant
f6e3ccd1de798e15c932e7a55e07b5acf0e9b965.tif,0.41976,0.58024,Malignant
f6ee1ec2a9f990c84fe762588bf4f68c1b221820.tif,0.415715,0.584285,Malignant
f6efc975c32acb14113803b2735d35ebbe0ca1ef.tif,0.420635,0.579365,Malignant
f70c963cf607e8c7e275d86600c02b474760964a.tif,0.421118,0.578882,Malignant
f798839e914cef4104b66a768b89e32d8a64506b.tif,0.407267,0.592733,Malignant
f79c5126d0c0fe3b7fdf53e3fe1195a2e723e242.tif,0.405632,0.594368,Malignant
f8ef68d709c5df96dea4ca9271aec4d9787e4286.tif,0.410681,0.589319,Malignant
f95416ed7dd02f31fa77793af2dc43bc8f9fd91c.tif,0.430772,0.569228,Malignant
f9ae75193d50b16887e1c5ab836f39808699f924.tif,0.416749,0.583251,Malignant
fa0872ee246865125fbcf057dabbbaeafd271881.tif,0.425522,0.574478,Malignant
fa2c77e1707c2fe7b0016e00736fb6e4b7f09488.tif,0.446552,0.553448,Malignant
fa302108e226a39e547d851744074bf88d2f17e7.tif,0.444343,0.555657,Malignant
fa445c510f190fde926e0d0511c099809db87795.tif,0.406229,0.593771,Malignant
fa485412be16f10e20f67897fe27c10858e53a0d.tif,0.416875,0.583125,Malignant
fa598c2a4f79210290ad6cc084bccfed83e437ea.tif,0.427852,0.572148,Malignant
fa6af4248adcbbb9cf510147b2aa1108b294bf71.tif,0.428032,0.571968,Malignant
fa872dc604cc83f48189615220dd690d8cc2cdcd.tif,0.417423,0.582577,Malignant
faddb977b1ee5d91fb12c1299f7df8b2fa04a5e0.tif,0.462937,0.537063,Malignant
faefee4b8f865a21c1b8f03dcccd88de44f4aff9.tif,0.394156,0.605844,Malignant
fb44baf943b3cfd1acca7da5eae0d57ae1b385ca.tif,0.394777,0.605223,Malignant
fb61e75eb16ced49e22b41e122a032d30fd7508d.tif,0.425818,0.574182,Malignant
fb634979e824f142e0d7ae0530d8d23154a03942.tif,0.42619,0.57381,Malignant
fbb56636d346350a8591f38eb30087d57d7f9de0.tif,0.414037,0.585963,Malignant
fbd728f5728c664f744bf702133e79c844a5f726.tif,0.408182,0.591818,Malignant
fc3e85a1166d55e07bcad7c07a69661c5d66e5c0.tif,0.405064,0.594936,Malignant
fcdf822b28260b07448f5665ae8cb0247dcb61a6.tif,0.406001,0.593999,Malignant
fcfba05b61b969f90347df607b8a3ce81eff70f3.tif,0.42916,0.57084,Malignant
fd036cbaf1a9d04015a37110550f83e4783fb20d.tif,0.421109,0.578891,Malignant
fd46e483aca49129e0fde20486053fa59bdc5294.tif,0.421827,0.578173,Malignant
fd61d0c085d2b9afa4ea0d51bbdd1371aae3f80e.tif,0.410264,0.589736,Malignant
fd73437e483442eb86ac33a9c69a1128de0b6515.tif,0.424992,0.575008,Malignant
fe21078bf8bd8ee2b83f0fdf84f8267d6eea72dc.tif,0.411327,0.588673,Malignant
fe69a1973627dc66682d24470dd26723710ac365.tif,0.393483,0.606517,Malignant
fe7cb5862747164f96406ec24ea7e6e1eba1be0b.tif,0.417738,0.582262,Malignant
fea2f2506a6d84dd3971404bed3cef8e4e8e9a4c.tif,0.416832,0.583168,Malignant
ff0da1b6d6cc49ef66e61ddb1677ec74e128d1f9.tif,0.410455,0.589545,Malignant
ff4b9718787291e7bfbcda1398268f39c9e8a8b4.tif,0.434219,0.565781,Malignant
ff59dde1d82217ace908fe6b4ab34c8e1a7fe8bf.tif,0.401431,0.598569,Malignant
ff783c17dd941c3a4a53e89251f43a05b6718eca.tif,0.459629,0.540371,Malignant
ffb739dba3ce3a46d018c586f92e77db4457d0b9.tif,0.414555,0.585445,Malignant
ffc5bd406db6713d198d175a1b2801c7fe131fa8.tif,0.418523,0.581477,Malignant
fff29b4442ea6ac0a5c098a4f458467044ed21d7.tif,0.435138,0.564862,Malignant
fff4fbf5b7a8a944c4720d1f7bd094e5047e7e7d.tif,0.429639,0.570361,Malignant
